id	gloss	PHM	class	Qiandong	Xiangxi	WhiteHmong	Masha	Luopohe	Jiongnai	Baiyun	Luoxiang	Mun	BiaoMin	ZaoMin
1	to know	*-pei	(12/17)	pu1		pau1	pɔ1a		pe1	pɪ1	pei1	pei1	pəi1	bɛi1			
2	molar tooth	*-pæ	(5)		pa2	pua1								ba1			
3	full	*-pu̯ɛŋX	(22)	pɛ3	pe3	pu3	poŋ3a	paŋB	paŋ3	pɔ̃3	pwəŋ3	pɔŋ3	pɔŋ3	baŋ3			
4	to shoot	*-pənX	(21)	paŋ3	pɑŋ3	pɔ3	poŋ3a	poŋB	poŋ3	pɔ̃3	pwan3	fan3		bun3			
5	to sleep/lie down	*-pu̯eiH	(8)	pi5	pə5	pɯ5	pu5a	puC	pau5	pɛ5	pwei5’	fei5		bui5			
6	1pl (we/us)	*-N-pɔu	(3)	pi1	pɯ1	pe1	pæ1a	peiA	pa1	pɯ5		pu1		bu1			
7	husband	*-N-poX	(7)		po3								bu3				
8	soybean	*-N-peiX	(12/17)	pu3		pau3						bei3	bi3	mɛi3			
9	百 hundred	*-pæk	(5)	pa5	pa5	pua5	pa5a	piC	pa5	pe5	pɛ7	pe7	pɛ7	ba7			
10	to fall	*-pʉŋA	(30)			pɔŋ1	paŋ1a	poŋA									
11	to feed	*-pɛŋA	(22)	pɛ1		pu1											
12	thigh	*-pæA	(5)	pa1	pa1	pua1	pa1a			pe1							
13	to open (door)	*-powD	(13)	pu7	pu7			poD		pɔ7							
14	風 air	*-poŋC	(28)	poŋ5		pa5	paŋ5a	poŋC									
15	to burn	*-pɔuB	(3)								pu3	pu3	pau3	bu3			
16	鞭 whip	*-pinA	(18)								biŋ1	pin1	pin1				
17	斧 axe	*-pouB	(13)								pou3	pɔu3	bəu3	pu3			
18	(Cant. /pɛːŋ5/) to hide oneself 	*-piŋC	(18)								piːŋ5		pjɛ5	bɔŋ5			
19	放 to let go	*-puŋC	(21)								puŋ5’	puŋ5	pə5	bɔŋ5			
20	片 clf-quilts	*-phəan	(21)	phaŋ1		phɔ1		phoŋA		phɯ5	phaːn1		phəu1				
21	劈 to split/chop	*-phek	(2)	pha1	pha1	tshi1		phoA			phi7						
22	破 to cut open	*-phajH	(15)	pha5	pha5	phua5	pa5b	phaC	pha5	pha5	phaːi5	paːi5’	pha5				
23	to push earth aside	*-phʉA	(8)	phɛ1		phua1	pou1b		phau1	phɪ1							
24	thunder	*-S-phoA	(7)	ho1	so1	sɔ1	so1b	suA	xu1	(mo1)							
25	thread	*-S-phoB	(7)	fhə3	so3	sɔ3	so3b	suB		(mo3)							
26	to twist/rub	*-S-phu̯aA	(15)	fha1	 	sua1	sa1b	saA	va1’								
27	奉 to carry in 2 hands	*-phu̯ɛŋB	(22)								phwəŋ3	pɔŋ3	phɔŋ3				
28	拂 to sweep	*-phu̯ətD	(7)								phut7						
29	flower	*-bi̯aŋ	(24)	paŋ2	pei2	pa2	pua2	venA	pen2	pɛ2	pwaŋ2	faŋ2	pjaŋ2	pjaŋ2			
30	to see	*-bu̯ət	(7)	poŋ8		pɔ8	po8	mpuD	pu8	pa8	pwat8	fat8	phi8				
31	伏 to hatch/embrace	*-buəH	(16)	pə6		pua6	pəa6	vaC	pu6	po6	pu6	pu6	pu6	pu6			
32	female/woman	*-boA	(7)			pɔ2		vuA									
33	to repay	*-bu̯eiA	(12/17)		pə2	pi2	pau2	pɔ2	vuA								
34	face	*-bowB	(13)				pɯ4										
35	mountain	*-bæwB	(3)	pi4		pe8	pe4	veiB									
36	bracelet	*-bɔC	(6)		pɔ6	pau6	po6	vuC		po6							
37	pus	*-bu̯eiC	(12/17)		pu6	pɔ6	pau6	po6	vuB	pei6	pɪ6						
38	shoulder	*-bʉC	(8)		pə6	pɯ6		vuC									
39	腐 bad/spoiled	*-bu̯aB	(15)	pa4	pɑ4	pua4	pəa4	vuB									
40	to hold w/2 hands	*-bouA	(13)								pou2	pɔu2					
41	平 level	*-beŋA	(29)								pɛŋ2	peːŋ2	pɛ2	pɛŋ2			
42	耙 to rake	*-baA	(4)								pa2	pa2		pa2			
43	薄 thin	*-bi̯ɛkD	(1)								pwa8	fa6		pjɛ8			
44	白 white	*-bækD	(5)								pɛ8	pe6	phɛ8	pa8			
45	hand/arm	*-bɔuX	(3)	pi4	tɯ4	te4	ʂe4	weiB	tʃa4	tɛ-pɯ4	pu4	pu4	pau4	pu4			
46	thorn	*-boB	(7)	pə4	to4	pɔ4	pɯ4	vuB									
47	thunder	*-mpuə	(16)							mo1	bu1	bu5		bjau1			
48	to dream	*-mpeiH	(12/17)	pu5	mpei5	mpau5	mpɔ5a	mʔpuC	mpe5	mi5	bei5	bei5	bəi5	bɛi5			
49	name	*-mpɔuH	(3)	pi5	mpu5	mpe5	mpæ5a	mʔpeiC	mpa5	mo5	bu5’	bu5	bau5	bu5			
50	沸 to boil (intr)	*-mpu̯eiH	(12/17)			mpau5	mpɔ5a	mʔpuC	mpei5	mɪ5	bwei5’	vei5		bui5			
51	to hold in mouth	*-mpæB	(5)			mpua3	mpa3a	mʔpziB									
52	pig	*-mpæC	(5)	pa5	mpa5	mpua5	mpa5a	mʔpeiC	mpei5	me5							
53	to throw on (clothes)	*-mpu̯aC	(15)	pa5		mpua5	mpa5a			ma5							
54	loud/sound	*-ʔbujA	(9)								bui1	buːi1’	bəi1	bai1			
55	bat (animal)	*-ʔbujA	(9)								bui1	buːi1’	bəi1	bai1			
56	monkey	*-ʔbiŋA	(18)								biŋ1	biːŋ1		bjaŋ1			
57	grey	*-ʔbɔuB	(3)								bu2	bu3	bau3				
58	rock	*-ʔbeŋC	(29)								bɛŋ5'		bɛ5	bɛŋ5			
59	報 to tell	*-ʔboC	(7)								bu5'	bu5	bu5	bɔu3			
60	chaff/husk	*-mphi̯ɛk	(1)							m̥e5	bwa7	va7’	bja7	bjɛ7			
61	噴 to scatter/sprinkle	*-mphu̯ənH	(29)		mphu5	mphɔŋ5		mʔphoŋC			bwan5	ban5					
62	ant	*-mphæB	(5)	phen3	mpha3				mphai3	m̥je3							
63	拍 to clap	*-bhækD	(5)								bɛ7	be4	bɛ7				
64	to cover	*-mboC	(7)	mə6		mpɔ6	mpu6	mpuC		pho5							
65	拍 to clap	*-mbæA	(5)	ma2	ma2	mpua2	mpa2	mpziA									
66	婦 daughter-in-law/bride	*-mbu̯ɛŋB	(22)								bwəŋ4	bɔŋ4	bɔŋ4				
67	浮 to float	*-mbi̯̯əuA	(1)								bjeu2	bjɔu2	bjau2	bɛu2			
68	illness/pain	*-ʔmun	(27)	moŋ1	moŋ1	mɔ1	məŋ1a	ʔmoŋA	mɐŋ1	mæ̃1	mun1	mun1	mən1	man1			
69	to grasp	*-ʔmu̯ɛA	(11)	mɛ1	me1	mua1	muɑ1a										
70	green/blue	*-ʔmeŋA	(29)								mɛŋ1	meːŋ1	mɛ1	mɛŋ1			
71	to grasp H	*-ʔmu̯ɛA (<*ʔ-mɛj)		mɛ1	me1	mua1	muɑ1a										
72	to have HM	*-n-mɛj		mɛ2	me2	mua2		maA	mɔ2	mɪ̃2	maːi2	naːi2	ma2				
73	flea	*-hmiəŋ	(23)	m̥hen1		hm̥ɔ1	mɔŋ1b	m̥enA	mɔ1	n̩1	mɛŋ1	muŋ1’	m̥au1	mɔŋ1			
74	vine	*-hmein	(25)		ɕi1	hm̥a1	ma1b	m̥oŋA	m̥e1’	m̥a1	m̥ei1	mei1’	m̥əi1	mɛi1			
75	to taste/try	*-hmeiH	(12/17)	m̥hu5									m̥i5				
76	night	*-hməŋH	(21)	m̥haŋ5	m̥hɑŋ5	hm̥ɔ5	mɔ5b	m̥oŋC		mæ̃4	m̥aŋ3		m̥ɔŋ5	mɔŋ5			
77	Hmong	*-hmʉŋA	(30)	m̥hu1	ɕoŋ1	hm̥ɔŋ1	maŋ1b	m̥joA		ŋ̥ŋ1							
78	wild dog	*-hmaŋC	(24)	m̥hɑŋ5		hm̥a5	ma5b										
79	animal fat/oil	*-hmejA	(10)								m̥ei1	mei1’	m̥əi1	mi1			
80	面 face	*-hmienA (C)									mjen1	min1’	m̥in1	mɛn1			
81	米 husked rice	*-hmeiB	(12/17)								m̥ei3	mei3	m̥i3	mɛi3			
82	2sg (you)	*-mu̯ei	(8)	moŋ2	mɯ2				mɐŋ2	mɯ6	mwei2	mei2	məi2	mui2			
83	2pl (you)	*-mi̯əu	(1)	maŋ2	me2	ne2	mein2	menA		mɯ5		njou2					
84	fine (flour)	*-mənX/H	(21)	moŋ4	mɑŋ4	mɔ4				mæ̃4	mwən6		mun6	mun6			
85	eye	*-mu̯ɛjH	(11)	mɛ6	me6	mua6	moŋ6	maC	mɔ6	mɪ̃6	mwei6	ŋwei6	mi6 	mai2			
86	to have	*-n-mɛj	(11)	mɛ2	me2	mua2		maA	mɔ2	mɪ̃2	maːi2	naːi2	ma2				
87	to go	*-n-mʉŋ(X)	(30)	moŋ4	moŋ4	mu4	məŋ4	muB	ŋ̥ŋ4	nɪ̃2	miŋ2	niŋ2		mi2			
88	買 to buy	*-mɛjX	(11)	mɛ4		mua4		maB	mɔ1	mɪ̃6	maːi4	maːi4		mai4			
89	賣 to sell	*-mɛjH	(11)	mɛ4	me6	mua6	moŋ6	maC	mɔ4	mɪ̃6	maːi6	maːi6	ma6	mai6			
90	蠓 fly (n.)	*-məuŋX	(21)		mɑŋ4	mɔ4	moŋ4	moŋB	mɐŋ4	mæ̃4			mə4	mɔŋ4			
91	望 to look at	*-maŋH	(24)									ŋwaːŋ6	mə6	mɔŋ6			
92	persimmon	*-minB	(18)	mi4	mɛ4			menB									
93	wheat	*-muŋC	(27)	maŋ4		mɔ6	məŋ6	muC									
94	female	*-minD	(18)	mi8		nia8	mi8	menC	mai8	mɛ̃7							
95	bee	*-mu̯eiB	(8)								mwei4	ŋwei4	mi4	mui4			
96	brother	*-mɔuB	(3)								mai4		mau4	mu4			
97	carrying pole	*-mu̯əŋB	(29)								moŋ5	muŋ4	mɔŋ4				
98	to return home	*-muB	(16)								mu4	mu4	mu4	mu4			
99	thick/dense	*-makD	(4)								ma8	ma6		mɔu8			
100	霧 fog	*-mowC	(16)								mou6			mu6			
101	廟 temple	*-miuC (A)									miu6	miu6		miu6			
102	son-in-law	*-ʔweiX	(12/17)			vau3	wɔ3a	ʔwuB	ve3	vi3	vei3			vɛi3			
103	冠 crest/comb	*-ʔwi̯æn	(1)			ʔi1		ʔweA						vɔn1			
104	cherry	*-ʔwaA	(4)	va1	wɑ1		ʑi1a										
105	winnowing fan	*-ʔwaŋA	(24)	vaŋ1	wei1	va1	wua1a	ʔwenA	ven1	vɛ1							
106	to cover self	*-ʔwoB	(7)			vɔ3	wo3a	ʔwuB		va3							
107	wife	*-ʔwæwB	(3)	vi3		vi3			va3	vo3							
108	that	*-ʔweB	(10)								wa3	va3	wə3	vɛi3			
109	碗 bowl	*-ʔwənB (D)									van3	van3	wan3	vjɛn3			
110	抉 to dig	*-ʔwetD	(10)								vet7	veːt7’	wun7	vɛt7			
111	園 garden	*-hwunA	(27)								hun1	vin1’	hun1	von1			
112	sky/heaven	*-wɛŋ	(22)	vɛ2						vɔ̃2				vaŋ2			
113	芋 taro	*-wouH	(13)	vu6	wə6	vaɯ6	wɯ6	woC	vau6	vɔ6	hou6	hɔu6		vu6			
114	1sg (I/me)	*-wɛŋB	(22)	vi4	we4				va4	vɔ̃4							
115	園 garden	*-waŋA	(24)	vaŋ2		va2	wua2		vi2	ɦje2							
116	萬 ten thousand	*-wi̯aŋC	(26)	vaŋ6		va8	waŋ6	waŋC									
117	皇 yellow	*-wi̯əŋA	(24)								waŋ2	vaŋ2	waŋ2	vjaŋ2			
118	three	*-pjɔu	(3)	pi1	pu1	pe1	pæ1a	pziA	pa1	po1	pu1	pu1	pau1	bu5			
119	bedbug	*-pji	(1)						pi1	pɪ5	pi1	pi1	pi1	bɛi1			
120	father/male	*-pjaX	(4)	pa3	pɑ3	tsi3	pi3a	paB	pe3	pa7	pwa3	fa3					
121	fruit	*-pji̯əuX	(1)	tsen3	pi3	tsi3	pei3a	pzeB	pi3	pje3	pjeu3	pjɔu3	pjau3	bɛu3			
122	crop of bird	*-pjinB	(18)	pi3		tsia5	pjein5a	puB	pai3	pẽ1							
123	to bear fruit	*-pjiC	(1)	tsen5		tsi5	pei5a	pzeC									
124	wooden basin	*-pjatD	(4)								pwat7						
125	to burn (tr)	*-phjæwB	(3)	phi3					v̥a3	pho3							
126	half	*-phjeC	(10)				pje7b	phjeC									
127	chaff/husk	*-S-phjæC	(5)	fha5	sa5	sua5	sa5b	siB	v̥ei5	(m̥e5)							
128	to enter	*-bju̯ɛk	(9)	pə6	pɔ5				pɔ6	pɯ6	pja8		phja8	pjɛ8			
129	補 to repair/mend	*-mpjaX	(4)	pu3	mpɑ3	ntsi3	mpi3a	mʔpaB	mpan3	ma3	bwa3	va3	bja3	bjɛ3			
130	daughter/girl	*-mphjeD	(10)	phi7	mphɑ7	ntshai7	mpje7b	mʔphjeD	phai7	phe7							
131	辮 to braid/a braid	*-mbjinX	(18)	mi4		ntsia4	mpjein4	mpen4	pjen6	ma1	bin4/bin5	bin4		pin4/bjɛn6			
132	young man	*-mbjauA	(5)								bjaːu2	baːu2					
133	footprint/track	*-hmjænX	(19)	m̥ha3		hn̥ɛŋ3	mein3a	m̥aB			m̥wan3	ŋwaːn3’	m̥jɛn3				
134	tooth	*-hmjinX	(18)	m̥hi3	ɕɛ3	hn̥ia3	mi3b	m̥jenB	m̥ai3	mɪ̃3			mjen3				
135	to sniff at	*-hmji̯əmH	(18)	m̥hi5		hn̥ia5	mi5b	m̥jenC	m̥ai5	mi5	hom5	hɔːm5’	m̥ja5				
136	grass	*-hmjaB	(4)								m̥wa3	wa3	m̥ja3	mjɛ3			
137	spirit/ghost	*-hmjænB	(19)								m̥wan3	ŋwaːn3	m̥jɛn3	mjɛn3			
138	horse	*-mjænB	(19)	ma4		nɛŋ4	mein4	maB	me4	mɪ̃4							
139	person/Mien	*-mjænA	(19)								mwan2	mun2	min2	min2			
140	wife of mother’s brother	*-mjəŋA	(29)								mwaŋ2	ŋwaŋ2	mjaŋ2	mjaŋ2			
141	cooking pot/pan	*-wjinB	(18)	vi4	wɛ4	jia4	ʑein4	wenB	van4	vɪ̃4							
142	four	*-plei	(12/17)	l̥u1	pʐei1	plau1	plɔ1a	plouA	ple1	pi1	pje1	pjei1	pləi1	pɛi5			
143	stomach	*-plaŋA	(24)			pla1											
144	flour	*-plu̯eiB	(12/17)					plɔ5a	plouB								
145	owl	*-ploŋD	(28)	l̥ioŋ5		pla7											
146	to bury	*-plopD	(9)								plop7	plɔp7					
147	shell/covering	*-phlei	(12/17)	l̥hu7		phlau1		phlauC						fɔu1			
148	cheek/face	*-phl-C (xx)			phɑ5	phlu5											
149	to stroke	*-phlʉC	(8)	l̥hɛ5	phʐə5	phlɯ7	plou5b	phluC									
150	to stroke	*-phlunA	(27)								phjun1		phlən1				
151	to play (flute)	*-phlu̯əmB	(29)								pwəm3	pjɔm3					
152	forehead	*-bl-A (xx)				plia2					pɔŋ2	plɔŋ2	plə4	paŋ2			
153	mussel/clam	*-blinC	(18)	l̥iə6	pɹɛ4	plia6											
154	butterfly	*-mpleuH	(2)				mpei5a	mʔpleC			bjeu5’	blɔu5’	bja4				
155	blind	*-ʔblɔuB	(3)								bu3	bu4					
156	twin	*-mpljeA	(10)	pi1		ntsai1	mpje1a	mʔpleA									
157	finger ring	*-mphleA	(10)			mphlai1			mʔphleA								
158	rice plant/paddy	*-mbləu	(3)	na2	nɯ2	mple2	mplæ2		mpla2	mjo2	blau2	blau2	blau2	bjau2			
159	smooth/glossy	*-mbli̯əŋH	(18)		mjɛ6	mpla6	mplein6	mplenC		wɪ̃6		bjaŋ6					
160	glutinous/sticky	*-mblut	(9)	nə8	nu8	mplau8	mplu8	mploD			but8	blut8	blun8	bit8			
161	tongue	*-mblet	(10)	ȵi8	mjɑ8	mplai6	mple8	mpleD	mpli8	mje8	bjet8	bjet8	blin8	bɛt8			
162	leaf	*-mblɔŋA	(29)	nə2	nu2	mplɔŋ2	mplaŋ2	mploŋA	mplɔŋ2	mjɔ̃2							
163	whip	*-mblowD	(13)			mplaɯ8	mplə8	mʔploD									
164	to shed leaves/drop	*-mblu̯eiC	(8)								blwei6	blei6					
165	rain	*-mbluŋC	(28)								bluŋ6	buŋ6	blə6	biŋ6			
166	fan	*-mbljæp	(5)	zen8	mjɑ7	ntsua8	mpja8	mpziD	mpli8	mi8	bjap8	bjaːp8	bjɛn8	dzjɛp8			
167	crazy	*-mbljɔŋA	(29)				mpjaŋ2	mpzoŋA									
168	to have food w/rice	*-mbljæC	(5)			ntsua6	mpje6	mpjiC									
169	soft	*-mlu̯ɛjH	(11)	mɛ6	ne6	mua6	noŋ6	mjaC	mɔ6	mɪ̃6	mwei6	ŋwei6	mi6	mai6			
170	hair	*-prei	(12/17)	ȴ̥u1	pi1	plau1	pɭɔ1a	plouA	ple1	pi1	pje1	pjei1	pli1	pɛi1			
171	heart	*-prowB	(13)	ȴ̥u3		plaɯ3	pɭə3b	ploB									
172	wildcat	*-prɨD	(2)	ȴ̥aŋ7		pli7	pɭei5a	pleC									
173	five	*-prja	(4)	tsa1	pʐɑ1	tʂi1	pʐɪ1a	pjaA	pui1	pja1	pla1	pja1	pla1	pjɛ5			
174	house	*-prjəuX	(3)	tsɛ3	pʐɯ3	tʂe3	pʐæ3a	peiB	pja3	pjo3	pjau3	pjau3	pla3	pju3			
175	stick	*-prjaX	(4)		pʐɑ3					pja3	pla3	pja3					
176	to sow	*-prjæwA	(3)		pʐo1	tʂe1	pʐæ1a	pjiA									
177	to winnow	*-prjɔŋB	(29)		pʐu3	tʂɔŋ3	pʐaŋ3b	pjoŋB	pjɔŋ3								
178	to pour	*-prjaC	(4)	tsɑ5	pʐa5	tʂi5											
179	to wring	*-prjoC	(7)		pʐo5		pʐo5a	pjuC		pja5							
180	dark	*-prjuwD	(9)	tsə7	pʐu7	tʂau7	pʐu7a	pjoD	pjɔu7								
181	head	*-S-phrjeiX	(12/17)	fhu3	pʐei3	hau3	wɔ5b	huB		pɦi3’	pje3	pjei3	pli3	pɛi3			
182	to blow	*-phrjuA	(16)	tsho1	phʐo1	tʂhua1	pʐa1b	phjaA	phu1	phjo1							
183	to play (flute)	*-phrjoC	(7)			tʂhɔ3	pʐo3b										
184	tree	*-S-phrjuA	(16)	fhu3			wa1b										
185	soul/spirit	*-braA	(4)	ȴ̥u2	pjə2	pli6	pɭɪ6	vloA		pjɔ2							
186	noose/trap	*-brjiB	(1)			tʂi4											
187	rat	*-brju̯aC	(15)			tʂua6	pʐəa6	vjaB									
188	green/blue	*-mpruA	(16)	zo2	mʐo1	ɳtʂua1	mpʐa1a	mʔpjaA		mjo1							
189	lung	*-mprʉC	(8)	zɛ6	mʐə5	ɳtʂɯ7	mpʐou5a	mʔpjuC		mɔ5							
190	ear	*-mbræu	(3)	zɛ2	mʐɯ2	ɳtʂe2	mpʐæ2	mpjiA	mpja2	mjo2			blau2	bju2			
191	fish	*-mbrəuX	(3)	zɛ4	mʐɯ4	ɳtʂe4	mpʐe4	mpjiB	mpja4	mjo4	bjau4	bjau4	bla4	bju4			
192	bamboo shoot/orphan	*-mbrəjH	(15)	za6	mʐɑ6	ɳtʂua6	mpʐəa6	mpjaC	mpja6	mje6	bje6	bjai6	blai6	bɛi6			
193	nose	*-mbruiH	(8)	zɛ6	mʐə6	ɳtʂɯ6	mpʐu6	mpjuC	mpjau6	mjɔ6	pa6		bli6				
194	spicy	*-mbrat	(4)	za8	mʐei8	ɳtʂi8	mpʐɪ8	mpjaD	mpwai8	mje8	blaːt8	bjat8	blan8	bjɛt8			
195	to groan/moan	*-mbraŋA	(24)	zaŋ2	mʐei2	ɳtʂa2	mpʐua2	mpenA	mpwen2								
196	ant	*-mbrɔD	(6)			ɳtʂau8	mpʐɔ8	mpjuD									
197	to listen	*-(S-)mru̯ɔŋH	(29)			mlɔŋ6	mʐəŋ6			mæ̃5	moŋ5	muŋ5’	m̥ɔŋ5	maŋ5			
198	to answer	*-tau	(3)	ta1	tɯ1	te1	tæ1a	tiA	ta1	no1		tau1		du1			
199	son/boy	*-tu̯ɛn	(22)	tɛ1	te1	tu1	toŋ1a	taŋA		tɔ̃1		tɔːn1	twan1	dan1			
200	body louse	*-tɛmX	(22)	tɛ3	te3	tu3	toŋ3a	taŋB	taŋ3	nɔ̃3	tam3	tam3	dan3	dam3			
201	rib	*-tamX	(24)	taŋ3		ta3	tua3a	tenB				taːm3					
202	tail	*-tu̯eiX	(8)	tɛ3	tə3	tɯ5	tou3a	tuB	ðau3	tɛ3	twei3	tei3	dwai3	dui3			
203	to kill	*-təjH	(15)	ta5	tɑ5	tua5	ta5a		ta5	ta5	tai5'	tai5	tai5	dai5			
204	to snap	*-tɛŋH	(22)	tɛ5	te5	tu5	toŋ5a	taŋC	taŋ5	tɔ̃5			taŋ5	daŋ5			
205	earth	*-N-təu	(3)	ta1	tɯ1	te1	tæ1a	tiA	ta1	to1	dau1						
206	deep	*-N-tu̯o	(7)	to1	to1	tɔ1	to1a	tuA	ðu1	to1	do1	du1	du1				
207	skin	*-N-top	(13)	tu3	tə3	taɯ3	tə3a	toB			dup7	dup7	din7	dip7			
208	wing	*-N-tat	(4)	ta7	tei7	ti7	ti7a	taD	ðe7	te7	daːt7	daːt7		dɔt7			
209	擣 to husk/pound rice	*-tuX	(16)	to3		tua3	ta3a	taB	tu3	to3		tau3	tau3				
210	得 to get/gain	*-təuk	(6)	tɛ5	tɔ5	tau5	tɔ5a	tuC	tei5	tɯ5	tu7	tu7	tu7				
211	thick	*-tæA	(5)	ta1	ta1	tua1	ta1a	tiA	tei1	te1							
212	gourd	*-tuwA	(9)		tɔ1	tau1	tu1a	toA									
213	skirt	*-tinA	(18)	tei1	tɛ1	tia1	tæin1a	tenA	ðai1	tĩ1							
214	to hold/grasp hand	*-tæB	(5)			tua3	ta3a	tiB									
215	frost	*-tæwC	(3)	ta5	tɯ5	te5	tæ5a	tiC	ða5	no5							
216	axe	*-tu̯eiC	(12/17)	to5	tɔ5	tau7	tɔ5a	tuC	ðei5	ti5							
217	foot	*-towC	(13)	tu5	tə5	taɯ5	tə5a	toC									
218	to ignite/light	*-towD	(13)	tu7		taɯ7	te7a	toD									
219	to pick up/clamp	*-teD	(10)		tɑ7	tai7	te7a	teD		næ̃6							
220	酒 liquor	*-tiuB (A)									tiu3	tiu3	tiu3	diu3			
221	碓 tilt-hammer/pestle	*-tu̯ɔiC	(11)								tɔi5’	tɔːi5	twai5	dui5			
222	凳 stool/bench	*-təŋC	(22)								taŋ5’	taŋ5	taŋ5	daŋ5			
223	桶 bucket	*-thɔŋ(X)	(29)			thɔŋ1		thoŋA		thɔ̃7	thoŋ3	tɔŋ3	dɔŋ3	tuŋ5			
224	炭 charcoal	*-thanH	(19)	thɛ5	the5	thɛŋ5	tæin5b	thaŋC	thɔu3	thæ̃5	thaːn5	taːn5’	than5	tan3			
225	to boil (tr)	*-thoA	(7)	tho1			to1b	thuA		 							
226	bellows	*-thoŋB	(28)	thoŋ3	thɑŋ3		thaŋ3b	thoŋB		tho3							
227	hoop	*-thɨC	(2)	tha5		thi5	tei5b	theC									
228	elder brother	*-da	(4)	ta2		ti2	ti2	ðaA				ta2					
229	to come	*-daj	(15)	ta2		tua2	ta2	ðaA		te2	taːi2	taːi 2	ta2	tɛi2			
230	fire	*-douX	(13)	tu4	tə4	taɯ4	tɯ4	ðoB	tau4	tɤ4	tou4	tɔu4	təu4	tu4			
231	to explode	*-douH	(13)	tu6	tə6	taɯ6	tɯ6	ðoC		tɤ6		tɔ6					
232	to die	*-dəjH	(15)	ta6	tɑ6	tua6	təa6	ðaC	ta6	te6	tai6	tai6	tai6	tai6			
233	tortoise	*-duH	(16)								to6	tu6					
234	to bite	*-dəp	(7)	tə8	to8	tɔ8	to8	ðuD		ta8	tap8	tap8	than8				
235	to put on/wear (shoes)	*-dap	(7)						tei8		taːp8	taːp8					
236	half (of day)	*-N-dam(X)	(24)	taŋ4		ta4					daːm2	daːm2					
237	蹄 hoof	*-dej	(10)						tei2		tei2	tei2	təi2	tɛi2			
238	銅 copper	*-dɔŋ	(29)	tə2	toŋ2	tɔŋ2	taŋ2	ðoŋA	twaŋ2	tɔ̃2	toŋ2	tɔŋ2	tɔŋ2	tuŋ2			
239	荅 bean	*-dup	(9)	tə8		tau8	tu8	noD	tɔ8	tɯ8	top8	tɔp8	thən8	tup8			
240	level	*-dinA	(18)			tia2	tæin2										
241	to sink	*-dəŋA	(21)	taŋ2		tɔ6	toŋ6	toŋA		tæ̃4							
242	bowl	*-deB	(10)			tai4	te4			ta4							
243	clf-horses	*-dɛŋB	(22)	tɛ4		tu4	toŋ4	ðaŋB									
244	to wait	*-dəŋB	(21)	taŋ4	tɑŋ4	tɔ4	toŋ4	ðoŋB		te4							
245	which	*-dʉC	(8)	tei6		tɯ6	tu6	ðuB		ti1							
246	蹋 to step on/tread	*-dæD	(5)	ten8	tɑ8	tua8	ti8										
247	to soak	*-doA	(7)								tu2		ta2	tɔu2			
248	to put on/wear (jewelry)	*-dəŋA	(22)								taŋ2	taŋ2					
249	back (of body)	*-danB	(19)								tan4	tan4					
250	pig	*-duŋB	(28)								tuŋ4	tuŋ4	twə4	tiŋ4			
251	頹 to fall (of rain)	*-dujA	(9)								tui2		tui2				
252	袋 bag	*-diC	(1)								ti6	ti6	ti6				
253	地 non-irrigated land	*-dejC	(10)								tei6	tei6	təi6	ti6			
254	fragrant	*-ntaŋ	(24)						nten1	nɛ1	daːŋ1	daːŋ1	daŋ1	dɔŋ1			
255	wet	*-ntu̯ɛn	(22)		nte1	ntu1	ntoŋ1a	nʔtaŋA	ntaŋ1	tɔ̃4		dɔːn1					
256	cloth	*-ntei	(12/17)		ntei1	ntau1	ntɔ1a	nʔtuA	nte1	ni1	di1		di1	dɛi1			
257	long	*-ntauX	(3)	ta3	ntɯ3	nte3	ntæ3a	nʔtiB	ða3	to3	daːu3	daːu3	da3	du3			
258	to chop	*-ntəwX	(7)	to3		ntɔ3	nto3a	nʔtuB	ntu3	no3			dau3	dau3			
259	to flip with finger	*-ntik	(2)			nti3	ntei5a		ntai5	na5	dit7						
260	to warm self by fire	*-ntauH	(3)	ta5	ntɯ5	nte5	ntæ5a	nʔtiC	nta5	no5		daːu5	dau5	du5			
261	to put on/wear (cap)	*-ntɔŋH	(29)	tə5	ntu5	ntɔŋ5	ntaŋ5a	nʔtoŋC	ntwaŋ5	no5	doŋ5’	dɔŋ5	dɔŋ5	dɔŋ5			
262	to weave	*-ntət	(7)	to7	nto7	ntɔ7			ntu7	na7	dat7	dat7	dan7	dat7			
263	navel	*-ntəut	(13)	tu7	ntu7	ntaɯ7	ntə7a	nʔtoD	ntu7		dut7	duːt7’	din7				
264	擔 to carry on shoulder	*-ntam	(24)						tã1	tæ̃5	daːm1	daːm1	da1	dɔm1			
265	to float	*-ntaŋA	(24)		nten1	nta1											
266	finger	*-ntaB	(4)	ta3	ntɑ3	nti3	nti3a	nʔtaB									
267	paper	*-ntowB	(13)	tu3	ntə3	ntaɯ3	ntə3a	nʔtoB	ntau3	nɔ3							
268	many/much	*-ntɔC	(6)	nɛ5		ntau5	ntɔ5a	nʔtuC	ntei5								
269	to beat (someone)	*-ntuwD	(9)			ntau7	ntu7a			ta7							
270	deaf	*-ʔduŋA	(21) 									duŋ1	dwə1	dɔŋ1			
271	to ladle	*-ʔdəmB	(22) 								dam3			da3			
272	to fly	*-ʔdəiC	(15)								dai5	dai5’	dai5				
273	finger	*-ʔdokD	(13)								do7	dɔ7	dɔ7				
274	底 lower level	*-ʔdiB	(1)								di3	di3	ti3	di3			
275	脫 to peel off/escape	*-ʔdutD	(9)									dut7’	dun7	 			
276	attic	*-nthaŋA	(24)			ntha1	ntua1b	nʔthenA									
277	to open out/undo	*-nthu̯aB	(15)	tha3	nthɑ3	nthua3		nʔthaB									
278	to weed/hoe	*-nthuC	(16)		ntho5	nthua5											
279	sky/heaven	*-ndɛuŋ	(22)			ntu2	ntoŋ2										
280	sweet potato	*-ndu̯əj	(15)	na2							du2	dɔːi2	dwai2	dai2			
281	to lay eggs	*-ndəuH	(3)	na6		nte6	nte6	ntiC	tei5	no6			dau6	du6			
282	ramie/hemp	*-nduH	(16)	no6	no6	ntua6	ntəa6	ntaC	ntu6	mjo6	do6	du6	du6				
283	long sword	*-ndaŋA	(24)			nta2	ntua2	ntenA									
284	river	*-ndaiA	(15)										da2	dɔi2			
285	table	*-ndɔuA	(3)								du2	nu2					
286	in front	*ndaŋC									daːŋ6	daːŋ6					
287	snake	*-ʔnaŋ	(24)	naŋ1	nei1	na1	na1a	ʔnenA	nen1	nẽ1	naːŋ1	naːŋ1	naŋ1	nɔŋ1			
288	this	*-ʔneinX	(25)	noŋ3	nei3	nɔ5	na3a	ʔnoŋB	ne3	n̩3	nei3	nei3	na3	na3			
289	cold	*-ʔnu̯ɔmH	(27)		noŋ5	nɔ5	nɔ5a		nɐŋ5	ȵɔ̃5	nam5’	nam5	nan5	nam5			
290	clf-bowls/houses	*-ʔnɛɔmA	(22)								nɔm1	nɔ1	nɔ1	na1			
291	short	*-ʔnəŋB	(22)								naŋ3	niŋ3	naŋ3	naŋ3			
292	to swallow	*-ʔnəkD	(7)								na7	na7	na7				
293	拗 to break	*-ʔnəuB	(7)								nau3	nau3					
294	grain head/bag	*-hnɔn	(24)	n̥haŋ1	n̥hei1	hn̥a1	na1b	n̥enA	n̥en1’	n̥ẽ1		nɔ1	nan1				
295	to hear	*-hnəumX	(21)	n̥haŋ3	n̥hɑŋ3	hn̥ɔ3	nɔ3b	n̥uB	n̥ɐŋ3	n̥ɔ̃3	nom3	num3	n̥ən3				
296	to put on/wear (clothes)	*-(h)naŋX	(24)	naŋ4	n̥hei3	hn̥a3	na3b		nen4	nẽ3				nɔŋ3			
297	to cough	*-hnɔp	(29)	ŋo4		hn̥ɔŋ7	naŋ7	n̥oD			n̥op7		n̥ən7				
298	sun/day	*-hnɛŋA	(22)	n̥hɛ1	n̥he1	hn̥u1	noŋ1b	n̥aA	n̥ɔ1’	n̥ẽ1							
299	crossbow	*-hnænB	(19)	n̥hen3		hn̥ɛŋ3	nein3b	n̥aB		n̥ẽ3							
300	to forget	*-hnuŋB	(27)	n̥hoŋ1	noŋ3	hn̥ɔ3	na3a	n̥oŋA	n̥ɐŋ3	nõ3							
301	perilla (sū má)	*hnaŋB	(24)	n̥haŋ3	n̥hen3	hn̥a3		n̥enB									
302	sun/day	*-hnu̯ɔiA	(11)								n̥ɔi1	nɔːi1’	n̥wai1	nai1			
303	to resemble	*-hnəŋB	(22)								n̥aŋ2	naŋ3’					
304	to lift	*-hnɨŋC	(30)								niŋ5	niŋ5’					
305	crossbow	*-hnəkD	(7)								n̥ak5	na7’					
306	泥 mud	*-hniA	(1)								ni1	ni1’	n̥i1	nɛi1			
307	念 (Cant. /nɐm3/) to think of	*-hnəmB~*hləmB	(22)									lam3					
308	3sg (he/she/it)	*-ni̯æn(X)		nen2		nɯ4	ȵi4	nenB	nɐŋ4	nɯ4	nan2	nen2	nin2				
309	mother’s brother	*-neuŋX	(23)	nen4	ne4	nu4	noŋ4	ȵiB	nɔ4	nɯ4	nau4	nau4	nau4	nuŋ4			
310	bird	*-m-nɔk	(29)	nə6	nu6	nɔŋ6	nəŋ6	noC	nwaŋ6	mõ6	nu8	nɔ6	n̥ɔ8	nɔu8			
311	to eat	*-nuŋA	(27)	naŋ2	noŋ2	nɔ2	nɔ2	noŋA	nɐŋ2	nɔ2							
312	person	*-nænA	(19)	nɛ2	ne2	nɛŋ2		naA	nai2								
313	mouse/rat	*-naŋB	(24)	naŋ4	nei4	na4			nen4	nĩ4							
314	to ask	*-nɛŋC	(22)	nɛ6	ne6	nu6	noŋ6	naC	nɔ6	nɪ̃6							
315	rain	*-m-noŋC	(28)	noŋ6	noŋ6	na6	naŋ6	noŋC	nɐŋ6	mõ6							
316	leaf	*-nɔmA	(29)								nɔm2	nɔːm2	nan2	num2			
317	mouse/rat	*-nauB	(3)								naːu4		nɔ4				
318	to ask	*-nu̯aiC	(11)								naːi6	naːi6	na6	nɔi6			
319	膿 pus	*-nɔŋC	(29)								noŋ6	nuŋ6	nɔŋ6	nɔu6			
320	first day of month	*-seŋ	(20)			sia1	sæin1b	senA						hɛŋ1			
321	sour	*-suj	(9)	ɕhu1	ɕɔ1		su1b	soA	θjɔ1	sɯ1	ɕui1	tθui1’	swəi1	si1			
322	送 to send/deliver	*-suŋH	(28)	shoŋ5		sa5	saŋ5b	soŋC	θɐŋ5	sõ5	θuŋ5	tθuŋ5	swə5	hiŋ5			
323	to shut (door)	*-sowD	(13)	shu7			ʂə7										
324	stomach	*-siA	(1)								ɕi1	tθi1’		sɛi1			
325	quilt	*-su̯ɛŋC	(22)								ɕwəŋ5	tθɔŋ5’	sɔŋ5	suŋ5			
326	thread	*-sujC	(9)								ɕui5	tθuːi5’	sui5	si5			
327	centipede	*-səpD	(7)								ɕap7	tθap7’	sən7	tsap7			
328	near	*-sətD	(7)								θat7	tθat7					
329	straw sandals	*-səukD	(6)								ɕu7	tθu7’	ȶu7				
330	髟 beard	*-su̯amA	(29)								ɕwam1	tθɔːm1’		tsam1			
331	心 heart	*-simA	(18)								θim1	tθim1	ɕɛn1				
332	箴 needle	*-simA	(18)								ɕim1	tθim1’	ʨɛn1	tsum1			
333	雙 pair	*-suŋB	(28)								ɕuŋ1	tθuŋ1’	swə1	hiŋ1			
334	聲 sound	*-siŋA	(18)								ɕiŋ1	tθiːŋ1’	ɕɛ1				
335	醒 to sober up	*-siŋB	(18)									tθiŋ3	ɕɛ3				
336	細 small/fine	*-sæiC	(12/17)											hɛi5			
337	赤 red	*-sekD	(2)								ɕi7	tθi7’	ɕi7	sjɛ7			
338	刷 to wipe	*-sotD	(13)								ɕot7						
339	種 to grow	*-n-tju̯ɛŋH	(22)							ȵɤ5	ʨwəŋ5	sɔŋ5	ȶɔŋ5	tsuŋ5			
340	to wait	*-tjɔuB	(3)								ʨu3	ȶu3	ȶu3				
341	粢 millet	*-tjəiA	(15)								ʨai1	ȶai1	ȶai1	tɛi1			
342	煮 to boil (tr)	*-tjouB	(13)								ʨou3	ȶɔu5	ȶəu3	tsu3			
343	紙 paper	*-tjejB	(10)								ʨei3	ȶei3	ȶəi3	tsi3			
344	粥 porridge	*-tju̯okD (B)									ʨwo7	su7					
345	捉 to take	*-tjɔkD	(29)									ȶɔ7					
346	漆 lacquer	*-thjet	(10)	shei7	tshei7		se7b	tsheC	ʃai7	sɤ7	θjet7		tshan7	tat7			
347	seven	*-djuŋH	(28)	ɕoŋ6	tɕoŋ6	ɕa5	tɕaŋ6	zoŋC	ʃɐŋ6	tɕɤ6	sje6						
348	thigh	*-djujA	(9)								ʨui2	ȶuːi2		si2			
349	遲 late	*-djæiA	(12/17)								ʨai2		ȶai2				
350	是 to be	*-djejB	(10)								ʨei4	ȶei4	ȶəi4	sɛi4			
351	柿 persimmon	*-djəiB	(15)								ʨai4	ȶai6					
352	灼 to burn	*-dji̯ɛkD	(1)								ʨa8	sa8	ȶha8	sa8			
353	熟 cooked/ripe	*-dju̯okD (B)									ʨwo8		ȶhɔ8				
354	tree	*-ntju̯əŋH	(29)	tə5	ntu5	ntɔŋ5		nʔtoŋC	ntwaŋ5		djaŋ5’	gjaŋ5	djaŋ5	djaŋ5			
355	to drip	*-ʔdjɛpD	(9)								djep7		djan7	dɛp7			
356	秤 balance	*-nthju̯əŋH	(29)							ȵ̥ɔ̃5	ʥaŋ5	ȡaŋ5’	ȡaŋ5	dzaŋ5			
357	to sharpen/grind	*-dhjæuC	(3)								ʥeu5	gjɔu5’	ȡau5	dziu5			
358	慈 mother/aunt	*-ndjiB	(1)								ʥi4		ȡai4				
359	heavy	*-hnjeinX	(25)	ȵ̥hoŋ3	hei3	hȵ̥a3	ȵa3b	ȵ̥oŋB	ȵ̥e3	ȵ̥a3	ȵ̥i3	ni3	n̥i3	nɛi3			
360	light(weight)	*-sji̯eu	(2)	fha1	ɕa1	ʂi1	sei1b	seA	v̥uai1’	fɤ1	ɕeu1	sɔu1’	hjau1				
361	to stand/get up	*-sjouX	(13)	ɕhu3	ɕə3	ʂaɯ3	sə3b	soB	θjau3	sɤ3	ɕou3		səu3	fu3			
362	暑 warm	*-sji̯ouX	(7)	ɕhə3	ɕo3	ʂɔ3	so3b	suB				sɔu3	sau3	sju3			
363	thin	*-sjɔŋA	(29)		ɕu1	ʂɔŋ1	saŋ1b	soŋA	θjɔŋ1								
364	on top of	*-sjuA	(16)				sa1b	saA									
365	sinew	*-sju̯eiB	(12/17)		ɕhu3	ɕi3		sɔ3b	suB		si3						
366	cooked/ripe	*-sjenB	(20)	ɕhaŋ3	ɕɛ3	ʂia3	sæin3b	senB	θeŋ3	sɪ̃3							
367	midday meal	*-sjɛŋC	(22)			ʂu5	soŋ5b	saŋC									
368	to rest	*-sjoC	(7)	ʨhə5	ɕo5	ʂɔ5	so5b	suC	θjeu5								
369	to wipe	*-sjəŋC	(21)	ɕhaŋ5	ɕɑŋ5	ʂɔ5	soŋ5b	soŋC									
370	廝 reciprocal	*-sjɨA-D	(2)	ɕi5		ʂi1		siA-D									
371	升 measure for grain	*-sjinA	(18)	ɕhen1		ʂia1	sæin1b	senA		ʨhɔ̃1							
372	收 to receive/gather in	*-sjuwA	(9)	ɕhu1		ʂau5		suA									
373	clf-bowls/houses	*-ʔlɛŋA	(22)	lɛ1	le1	lu1	noŋ1a	ʔlaŋA	xoŋ1	lɔ̃1							
374	monkey	*-ʔlinA	(18)	lei1		lia1	læin1a		lai1								
375	red	*-ʔlinA	(18)			lia1	læin1a	ʔlenA									
376	short	*-ʔlɛŋB	(22)	lɛ3	le3	lu3	loŋ3a	ʔlaŋB	laŋ3	lɔ̃3							
377	to squeeze/pinch	*-ʔlɨC	(2)	la5	lɑ5	li5	lei5a		l̥i5	la5							
378	clf-mouthfuls	*-ʔloC	(7)	lo5		lɔ5	lo5a		lu5								
379	拗 to break	*-ʔloB	(7)	lo3		lɔ3	lo3a	ʔluB	lu3	ljõ3’							
380	clf-fields	*-ʔli̯əuC	(1)								lau5’						
381	to pour	*-ʔlju̯eiA	(12/17)		ȴu1		lau1	ɭo1a	ʔluA								
382	rabbit	*-ʔljuB	(16)			lua3	ɭa3a	ʔlaB									
383	male	*-ʔljuwB	(9)			lau5	ɭu3a	ʔloB									
384	bamboo	*-hləwX	(7)	l̥ho3	l̥ho3	hl̥ɔ3					l̥au3	lɔu3	ɬau3	lau3			
385	plum	*-hli̯əŋX	(18)							le3	gaŋ3		ɬaŋ3	ȵɔŋ3			
386	moon/month	*-hlaH	(4)	l̥ha5	l̥hɑ5	hl̥i5	li5b	l̥aC	l̥e5	l̥a5	la5	la5	ɬa5	lɔu5			
387	to slice	*-hlep	(10)	l̥hei7	l̥hɑ7	hl̥ai7	le7b		l̥ai7		le7						
388	marrow/brains	*-hlʉA	(8)	l̥hɛ1	l̥hə1	hl̥ɯ1	lou1b	l̥uA									
389	bridge	*-hlæA	(5)				la1b										
390	rope	*-hlæC	(5)	l̥ha5	l̥ha5	hl̥ua5	la5b	l̥iC	l̥ei5	l̥e5							
391	湯 to scald	*-hlaŋA	(24)			hl̥a1	lua1b	l̥enA		la6							
392	鐵 iron	*-hluwC	(9)	l̥hə5	l̥hɔ5	hl̥au5	lu5b	l̥oC	l̥ɔ5	l̥ɯ5							
393	petal	*-hlemC	(20)								ɬim5	leːm5		ɬiŋ5			
394	which	*-[hl]aiC	(15)								laːi5		ha5				
395	big	*-hljo	(7)	ȴ̥hə1		hl̥ɔ1	ɭo1b	l̥uA	l̥jeu1’	ȴo1	lo1	lu1’	ɬu1	lɔu1			
396	sash/cord/rope	*-hljaŋ	(24)	l̥haŋ1		hl̥a1	ɭua1b				l̥aːŋ1	laːŋ1’	ɬaŋ1				
397	young	*-hljæD	(5)			hl̥ua7	ɭa7b										
398	燎 to burn (mountain)	*-hljowB	(13)			hl̥aɯ3	ɭe3b										
399	long (time)	*-ləu	(3)	la2	lɯ2	le2	læ2	liA	la2	lo2	lau2	lau2		lu2			
400	clf-people	*-lan	(19)	lɛ2	le1	lɛŋ2	læ2		laŋ1	læ̃2	laːn2	laːn2		na1			
401	to come back	*-ləwX	(7)	lo4	lo4	lɔ4	lu4	luB	lɔu4	lo4	lau4	lau4	lau4	lau4			
402	to rot	*-lʉA	(8)	la2		lɯ2	lou2	lenA									
403	old	*-lu̯eiB	(12/17)		lu4		lau4	lo4	lauB								
404	late	*-liC	(1)			li6	li6			lɦe6							
405	聾 deaf	*-loŋA	(28)	l̥oŋ2		la6		loŋA		lõ2							
406	兩 tael (40 grams)	*-li̯aŋB	(26)	laŋ4		la4		laŋB		ljɔ̃6							
407	露 dew	*-lʉC	(8)			lɯ6	lu6										
408	bellows	*-louA	(13)								lou2	lɔu2	ləu2	lu2			
409	累 lazy	*-lu̯eiC	(8)								lwei6	lei6	lwəi6				
410	field	*-ljiŋ	(18)	ȴi2		lia2	ɭæin2	lenA	leŋ2	lĩ2	giŋ2	giːŋ2	ljɛ2	ljaŋ2			
411	鎌 sickle	*-ljim	(18)	ȴen2		lia6	ɭæin2	lenA	ljen2		lim4		ljɛn2	dzjam2			
412	里 half kilometer	*-ljɨX	(2)	ȴi4				liB					ljaŋ4	li4			
413	to bury	*-ljəŋB	(21)	ȴaŋ4	ȴɑŋ4	lɔ4	ɭoŋ4	loŋB		læ̃4							
414	to be used to	*-lju̯aC	(15)	ȴa6	ȴɑ6		ɭəa6	laC									
415	lightning flash	*-ljeD	(10)	ȴi8	ȴɑ8	lai8	ɭe8	leD									
416	量 to measure (rice)	*-ljɛŋA	(22)	ȴi2		lu2	ɭoŋ2	laŋA									
417	lightning flash	*-ljəpD	(7)								gap7			dzjɛp8			
418	聯 (Cant. /lyːn2/) to sew	*-lju̯ɛnA	(22)								gwən2	gɔn2					
419	兩 tael (40 grams)	*-lji̯oŋB	(26)								guŋ4	guŋ4	lwə4	liŋ4			
420	to return	*-trəŋB	(21)	ȶaŋ3		ʈɔ3	ʈoŋ3a	tʂoŋB									
421	houttuynia cordata	*-truwD	(9)	ȶu7	ʈu7	ʈau7	ʈu7a	tʂoD									
422	張 clf-tools	*-traŋA	(24)	ȶaŋ1	ʈei1	ʈa1	ʈua1a	tʂenA	tʃen1								
423	蹢 hoof/claw/nail	*-tru̯eiC	(12/17)			ʈa5	ʈau5	ʈɔ5a									
424	著 to put on/wear (shoes)	*-trɔC	(6)	ȶi5	ʈɔ5	ʈau5	ʈɔ5a	tʂuC		tɕɯ5							
425	張 clf-tools	*-truŋA	(28)									ȶuŋ1	ȶwə5				
426	插 to insert	*-threp	(10)	ȶhi7		ʈhai7	ʈe7	tʂheD	ʃai7		θip7	tip7	tɕhɛn7	hɛp7			
427	抽 to pull out	*-throC	(7)	ȶhə5	ʈho5	ʈho5	ʈo5b	tʂhuC									
428	箸 chopsticks	*-drouH	(13)	ȶu6	ʈɯ6	ʈaɯ6	ʈɯ6	ʐoC	ʃau6	tɕɔ6	tɕou6	ȶɔu6	ȶəu6	tau6			
429	bamboo	*-drowD	(13)			ʈaɯ8	ʈə8										
430	firm/durable	*-druA	(16)			ʈua2	ʈa2										
431	step	*-droA	(7)	ȶə2	ʈo2	ʈɔ2	ʈo2	ʐuA	tʃa2	tɕa6							
432	table/bench	*-drɔŋA	(29)			ʈɔŋ2	ʈaŋ2	ʐoŋA		tɕe2							
433	筒 flute/tube	*-droŋA	(28)	ȶoŋ2	ʈoŋ2	ʈa2		ʐoŋA									
434	著 to hit target	*-drɔC	(6)		ʈɔ6	ʈau6	ʈo6			tɕɯ6							
435	中 center/middle	*-ntroŋ	(28)	ȶoŋ1	ɳʈoŋ1	ɳʈa1	ɳʈaŋ1a	ɳʔtʂoŋA		ȵtɕy1	toŋ5’	tɔŋ5	tɔŋ5				
436	breast/chest	*-ntrəŋA	(21)			ɳʈɔ1	ɳʈoŋ1a										
437	to be wedged in	*-ntrinC	(18)		ɳʈhɑ7		ɳʈei5b										
438	to butt (of bulls)	*-ntruwC	(9)	ȶu5		ɳʈau5	ɳʈu5a	ɳʔtʂoC									
439	puttees	*-nthrɔŋA	(29)	ȶhu1	ɳʈhu1	ɳʈhɔŋ1	ɳʈaŋ1b	ɳʔtʂhoŋA	ɳtʃwaŋ1’	ȵ̥ɔ̃1							
440	drum	*-ndruX	(16)	ȵə4	ɳɑŋ4	ɳʈua4	ɳʈəa4	ɳtʂaB	ɳtʃu4	mjo4	dʑo4	ȡu4	du4				
441	plain (level ground)	*-ndroŋB	(28)			ɳʈa4		ɳtʂoŋB									
442	interior	*-ndrəŋC	(21)	ȵaŋ6	ɳɑŋ6	ɳʈɔ6											
443	to track	*-ndroC	(7)		ɳɑŋ6	ɳʈɔ6											
444	young man	*-ndru̯eiC	(12/17)		ȵo6		ɳʈau6	ɳʈo6	ɳtʂuC	ɳtʃi6							
445	摘 to strip leaves	*-ndru̯eiC	(12/17)		ȵu4	ɳei4		ŋko4	ɳtʂuB								
446	seed	*-hnru̯em	(29)	ȵ̥hu1	ɳu1	nɔŋ1	ɳaŋ1a	n̥oA	nwaŋ1	ȵõ1	ȵem1	ŋjim1’	n̥jɛn1	num1			
447	cooked rice	*-hnrəaŋH	(21)			hn̥ɔ5	ɳɔ5b				naːŋ5	naŋ5’	n̥aŋ5	nɔŋ5			
448	stone	*-ʔrəu	(3)	ɣi1	ʐɯ1	ʐe1	ʐæ1a	ʔwjiA	ŋkja1	jo1	gau1	gjau1	lau1	dzu1			
449	tender	*-ʔrəunH	(21)	ɣaŋ5	ʐɑŋ5				ɳtʃoŋ5		gun5’		lun5	in5			
450	good	*-ʔrɔŋH	(29)	ɣu5	ʐu5	ʐɔŋ5	ʐaŋ5a	ʔwjoŋC	ŋwaŋ5	jɔ̃5	gwəŋ5’	gɔŋ5	lɔŋ5	dzɔŋ5			
451	vegetable	*-ʔræi	(12/17)	ɣu1	ʐei1	ʐau1	ʐɔ1a	ʔwjuA	ji1	ɦji1	gai1	gjai1	lai1	ɛi1			
452	to dry in sun	*-ʔrinA	(18)			ʐia1	ʐæin1a										
453	honey	*-ʔraA	(4)	va1		ʐi1	ʐɪ1a	ʔwjaA									
454	forest	*-ʔrɔŋB	(29)	ɣu3	ʐu3	ʐɔŋ3		ʔwjoŋB	ŋkjɔŋ3	jɔ̃3							
455	to look after	*-ʔroB	(7)	ɣə3		ʐɔ3	ʐo3a	ʔwjuB									
456	near	*-ʔræwC	(3)	ɣi5	ʐɯ5	ʐe5	ʐæ5a	ʔwjiC	ŋkja5	jo5							
457	to conceal	*-ʔreD	(10)	ɣi7	ʐɑ7	ʐai7	ʐe7a	ʔwjeD	vwei7	ɛ7							
458	clothes	*-ʔrujA	(9)								gui1	gui1	lwəi1				
459	liver	*-hri̯ən	(18)	xhi1	ʂɛ1	ʂia1	ʐæin1b	senA	ŋkheŋ1’	hɪ̃1	gan1	gjen1’	ɬan1				
460	high/tall	*-hri̯əŋ	(18)	xhi1	ʂɛ1	ʂia1	ʐæin1b	senA	ŋkheŋ1’	hɪ̃1	gaŋ1	gjaŋ1’	ɬaŋ1	dzɔŋ1			
461	sound/noise	*-hruA	(16)	xhə1	ʂo1	ʂua1	ʐa1b	saA	ŋkjeu1’	saŋ1							
462	fern	*-hruA	(16)	xhə1	ʂo1	ʂua1	ʐa1b	saA	ŋkjeu1’								
463	artemisia	*-hrɛŋB	(22)	xhi3			ʐoŋ3b	saŋB									
464	quick	*-hreC	(10)	xhi5	ʂɑŋ5	ʂai5		seC	v̥wei5								
465	to write	*-hru̯eiC	(12/17)		xho5	ʂei5	ʂau5	ʐɔ5b									
466	to measure (rice)	*-hrauA	(5)								gaːu1	gaːu1’	ɬa1	dzau1			
467	鐵 iron	*-hrɛkD	(9)								gja7	gja7’	ɬja7	ljɛ7			
468	nest	*-rəuX	(3)	ɣi4	ʐɯ4	ʐe4	ʐe4	wjiB	ŋkja4		gau4	gjau4	la4				
469	urine	*-raX	(4)	va4	ʐɑ4	ʐi4	ʐɪ4	wjaB	ŋkwe4	ve4	wa4	va4	lɔ4	vjɛ4			
470	pangolin	*-rɔiH	(6)	ɣo6	ʐɔ6	ʐau6	ʐo6	wjoŋA		ɦje6	gai6	gjai6					
471	sharp	*-rajH	(15)	ɣa6	ʐɑ6	ʐua6		wjaC	ŋkja6		gai6	gjai6	lai6	hɛi6			
472	龍 dragon	*-roŋ	(28)	ɣoŋ2	ʐoŋ2	ʐa2	ʐaŋ2	wjoŋA	ŋkjaŋ2	jõ2			ljuŋ2	luŋ2			
473	梨 pear	*-rəj	(15)	ɣa2	ʐɑ2		ʐa2	wjaA		ɦje2	gei2	gei4	lai2	dzai2			
474	里 village	*-rəŋX	(21)	ɣaŋ4	ʐɑŋ4	ʐɔ4	ʐoŋ4	wjoB			gaŋ4	gjaŋ4	laŋ4	dzɔŋ4			
475	廩 barn/granary	*-rɛmX	(22)		ʐe4		ʐoŋ4	wjaŋB			gam4	gjam4	lan4	dzum4			
476	力 strength	*-rək	(7)	ɣə6	ʐo6	ʐɔ6	ʐu6	wjuC	ŋkjeu6	ja6	[kha7		khla7]	dzja6			
477	comb	*-ræC	(5)	ɣa6	ʐa6	ʐua6	ʐəa6	wjiC	vi6	ɦji6							
478	to grind (grain)	*-roD	(7)		ʐo8	ʐɔ8	ʐo8	wjuD									
479	pair	*-reŋC	(20)									geːŋ6	lɛ6	dzaŋ6			
480	淋 to water	*-rəmA	(21)								gjem2		ljen2	dzum2			
481	流 to flow 	ri̯̯əuC	(1)								gjeu6	gjɔu6	ljɔu6				
482	立 to erect	ri̯̯ɛpD	(1)								gjep8	gjap8					
483	笠 bamboo hat	*rəpD	(7)								gap8	gjap8	ɬan8	dzup8			
484	接 to receive/borrow	*-tsep	(10)	sei7		tsai7	se7a	tseD	tʃei7			tθip7	ʨin7	tɛp7			
485	竈 stove	*-N-tsoH	(7)	so5		tsɔ7	so5b		tsu7	ʨɔ1	do5’	du5	tsu5	tɔu5			
486	billhook	*tsæC	(5)	sa5		tsua7	sa7a	tsiC									
487	to join	*-tsæD	(5)	sen7	tshɑ7	tsua7	sa7a										
488	騣 mane	*-tsʉŋA	(30)	soŋ1	tsoŋ3	tsɔŋ1	saŋ1a	pjoŋA									
489	to dry (clothes)	*-tsekD	(2)									si7	ʨi7	tsaŋ1			
490	grave/tomb	*-tsouB	(13)								θou3	tθɔu3	tsəu3				
491	bland/tasteless	*-tsamB	(24)								θaːm3	tθaːm3	tsan3	tɔm3			
492	隻 clf-birds	*-tsi̯ɛkD	(1)									sa7’	ȶa7	tsa7			
493	識 to know/recognize	*-tsi̯ɛkD	(1)									sa1	ȶa7	tsa7			
494	織 to weave	*-tsi̯ɛkD	(1)								ʨa7	sa7	ȶa7				
495	bone	*-tshuŋX	(28)	shoŋ3	soŋ3	tsha5	saŋ3b	tshoŋB	θɐŋ3	sõ3	θuŋ3	tθuŋ3	swə3	hiŋ3			
496	瘡 sore/boil/blister	*-tshaŋ	(24)	shaŋ1		tsha1	sua1b	tshenA					saŋ1				
497	千 thousand	*-tshi̯en	(20)	shaŋ1	tshɛ1	tshia1	ʨein1b	tshenA	ʃen1	ɕɛ5	θin1	tin1’	ʨhin1	hun1			
498	steel	*-tshæwA	(3)	sha1	sɯ1		sæ1b			ʨo1							
499	husked rice/millet	*-tshɛŋB	(22)	shɛ3	se3	tshu3	soŋ3b	tshaŋB									
500	tin	*-tshæD	(5)			tshua7	sa7b										
501	錢 money	*-dzi̯en	(20)	saŋ2		tsia2	sæin2	zenA	ʃiŋ2	ʨɪ̃2	θin2	tθin2	tsən2	hɛn2			
502	匠 craftsman	*-dzi̯ɔŋH	(26)	ɕaŋ6	ʨɑŋ6		saŋ6	zaŋC			θɛŋ6	tθaːŋ6	tsaŋ6				
503	漬 to soak	*-dzeiH	(12/17)							ʨi6	θei6	tθei6		hɛi6			
504	鑿 chisel	*-dzəuk	(6)	so6		tsau6	so6	zuC	ʃu8	ʨɪ̃4	θu8	tθu6	tshu8	hiu8			
505	able	*-dzowA	(13)	su2		tsaɯ2	sə2										
506	cool (water)	*-dzinB	(18)	sei4	tsɛ4	tsia4	sein4		tʃai4	ʨɦĩ4							
507	慚 ashamed	*-dzaŋA	(24)		tsei2	tsa2	sua2	zenA		ʨe2							
508	造 to reach/arrive at	*-dzoC	(7)	so6		tsɔ6		zuC		θu5							
509	firewood	*-dzaŋA	(24)								θaːŋ2	tθaːŋ2	tsaŋ2	hɔŋ2			
510	槽 trough	*-dzuA	(16)								θou2		tsu2				
511	坐 to sit	*-dzu̯eiB	(8)								θwei4	tθei4	tswei4	hɛi4			
512	緻 beautiful	*-dzejC	(10)										tsəi6				
513	早 early	*-ntsi̯ouX	(7)	so3	ntso3	ntsɔ3	ntso3a	nʔtsuB	ɳtʃu3	ȵo3	djeu3	gjɔu3	djəu3	du3			
514	澡 to wash (hands)	*-ntsæwX	(5)	sa3	ntsa3	ntsua3	ntsa3a	nʔtsiB	ɳtʃei3	ȵe3	daːu5	daːu5’	dza3	dɔu3			
515	husked rice	*-ntsuwC	(9)		ntsɔ5				ɳtʃei5	ȵɯ5							
516	grave/tomb	*-ntsaŋC	(24)	saŋ5	ntsei5	ntsa5	ntsua5a			ȵe5							
517	to suck	*-ntseD	(10)			ntsai7											
518	boat/ship	*-ʔdzaŋB	(24)								daːŋ3	daːŋ3	dzaŋ3	dɔŋ3			
519	騣 mane	*-ʔdzɔŋA	(29)								θoŋ1	dɔŋ1	tsɔŋ1	dzəŋ1			
520	to launder	*-ntshuH	(16)	sho5	ntsho5	ntshua5	ntsa5b	nʔtshaC	ɳtʃu5	ȵo5	do5	du5’	dzu5	du5			
521	clean	*-ntshɨA	(2)	sha1	ntsha1		ntsei1b	nʔtsheA	θei1								
522	rough/coarse	*-ntshaA	(4)	sha1	ntshɑ1	ntshi1	ntsi1b	nʔtshaA									
523	steep	*-ntshoŋA	(28)	shoŋ1	ntshoŋ1	ntsha1	ntsaŋ1b	nʔtshoŋA	ɳtʃɐŋ3								
524	elephant	*-ntshʉC	(8)	shɛ5		ntshɯ5		nʔtshuC									
525	to disperse	*-dzhanC	(19)								daːn5	daːn5’	dzan5				
526	to play	*-N-dzæwH	(5)		tsa4						dzjaːu6	dzaːu6	dza6				
527	thin (person)	*-ndzu̯eiC	(12/17)		su5	ntsei5	ntsau6	ntso6		ɳtʃe6	nʑi6						
528	root	*-ndzuŋA	(28)								duŋ2	duːŋ2					
529	word/character	*-ndzaŋC	(24)									daŋ6	dzaŋ6				
530	鹺 salty	*-ndzaiA	(15)								daːi2	daːi2	dza2	dɔi2			
531	淨 clean	*-ndzəŋC	(21)								daŋ6	dðaŋ6					
532	gall bladder	*-tsji̯əu	(1)	ɕen1	ʨi1	tʂi1	sei1a	tseA		ʨe1				tɛu1			
533	malodorous	*-tsju̯eiH	(8)		ʨə5	tʂɯ5	sou5a	tsuC	tʃau5 	ʨɔ5	θwei5’	tθei5	tswəi5	ti5			
534	甑 rice steamer	*-tsjɛŋH	(22)	ɕi5	ʨe5	tʂu5	soŋ5a	tsaŋC	tʃjaŋ5	ʨɔ̃1	θaŋ5’	tθaŋ5	tsaŋ5	taŋ5			
535	what	*-tsjɨB	(2)	ɕi3		tʂi5	si7b	tsiB									
536	to let go	*-tsjəŋC	(21)	ɕaŋ5	ʨɑŋ5	tʂɔ5				ʨõ5							
537	armpit	*-tsjoC/D	(7)	ɕə5	ʨo5	tʂɔ7	so7a	tsuC		ʨa5							
538	pheasant	*tsjowD	(13)			tʂaɯ7	sə7a										
539	祖 tiger	*-tsjoB	(7)	ɕə3	ʨo3	tʂɔ3	so3a	tsuB	tʃu3								
540	hungry	*-tshje	(10)		ɕi1	tʂhai1	se1b	tsheA		sa1	ɕa1	sa1’					
541	new	*-tshji̯əŋ	(18)	xhi1	ɕɛ1	tʂhia1	sæin1b	senA	ŋkheŋ1’	sɪ̃1	ɕaŋ2	saŋ2	saŋ1	sjaŋ1			
542	ashes	*-tshju̯əiX	(12/17)	ɕhu3	ɕi3	tʂhau3	sɔ3b	tshuB	θe3	ɕi3	ɕwai3	saːi3	swai3	sɔi3			
543	spinning wheel	*-tshju̯aA	(15)			tʂhua1		tshaA									
544	to sieve	*-tshjɔC	(6)		ɕɔ5	tʂhau5											
545	few/lack	*-dzjok	(13)	ɕu6		tʂaɯ6		zoC	ʃau6	ʨɤ6	θo8	tθɔ6	tshɔ8	hu8			
546	porcupine	*-N-dzjeiH	(12/17)	ɕen6	ʨi6	tʂau6	so6	zuC	ʃa6	ʨi6	dei6	dei6		hɛi6			
547	bland/tasteless	*-dzjæC	(5)	ɕen6		tʂua6	səa6	ziC	ʃi6	ʨi6							
548	chin/lower jaw	*-dzjeD	(10)	ɕi1	ʨɑ8	tʂai8	se8	zeD									
549	to wake	*-dzjaD	(4)			tʂi8	si8	zaD		ʨi8							
550	salt	*-ntsjəuX	(3)	ɕi3	ȵʨɯ3	ɳtʂe3	ntsæ3a	nʔtsiB		ȵo3	dau3	dau3	dza3				
551	to choke	*-ntsjeŋH	(20)						ɳtʃei5	ni5	ʥɛːŋ5		ʥɛ5	jaŋ5			
552	to stop up/plug	*-ntsjot	(13)		ntshu7	ɳtʂaɯ7	ntsəu5a	nʔtsuD	ɳtʃau7	sɔ7	tsot7						
553	眨 to wink	*-ntsjep	(10)	shei7		ɳtʂai7	ntse7	nʔtseD		ta7	dzjop7		hin7				
554	to drive in (nail)	*-ntsjinC	(18)		ȵʨɛ5	ɳtʂia5		nʔtsenC		ni5							
555	to soak	*-ntsjæwC	(3)		ȵʨɯ5	ɳtʂe5	ntsæ5a	nʔtsiC	ɳtʃa5	ȵʨo5							
556	sorghum	*-ntsjuC	(16)			ɳtʂua7	ntsa7a										
557	畟 sharp	*-ntsjæwC	(3)			ɳtʂe5	ntsæ5a										
558	blood	*-ntshjamX	(24)	ɕhaŋ3	ȵʨhi3	ɳtʂha3	ntsua3b	nʔtshenB	θi3	ȵ̥e3	ɕam3	saːm3	san3	dzjɛm3			
559	head louse	*-ntshjeiX	(12/17)	ɕhu3	ȵʨhi3	ɳtʂhau3	ntsɔ3b	nʔtshuB		ʨhi3	ɕei3	tθei3		dzɛi3			
560	to fear/be afraid	*-ntshjeH	(10)	ɕhi1	ȵʨha5	ɳtʂhai5	ntse5b	nʔtsheC	ɳtʃei1	ȵ̥ɛ5	ʥa5	ȡa5’	ȡa5	dzjɛ5			
561	清 clear	*-ntshji̯əŋ	(18)	ɕhi1		ɳtʂhia1	ntsæin1b	nʔtsheA		nɪ̃1	dzaŋ1						
562	otter	*-ntshju̯aA	(15)	ɕha1	ȵʨhɑ1	ɳtʂhua1	ntsa1b	nʔtshaA	θja1								
563	to stumble	*-ndzjowD	(13)														
564	直 vertical/upright	*-ndzjæwC	(3)			ɳtʂe6											
565	beeswax	*-N-ci̯æŋ	(24)	ʨaŋ1	ʨi1	cia1	ʨua1a	ʨenA					ʥjɛ1				
566	earthworm	*-N-cuŋ	(28)	ʨoŋ1	coŋ1	ca1	ʨaŋ1a	ʨoŋA	jɐŋ1	jõ1	duŋ1		hwjə1	dziŋ1			
567	wind	*-N-cæwH	(5)	ʨen5	ci5	cua5		ʨiC	tʃi5	ʨi5	ʥau5	ȡaːu5	hja5	dzau5			
568	捷 quick	*-cu̯ɛp	(9)							ʨe7	tɕep7						
569	to lead	*-coŋA	(28)		ʨoŋ1	ca1	ʨaŋ1a	ʨoŋA									
570	thrush (huà méi niǎo)	*-cɔŋA	(29)	ʨu1	ʨu1	cɔŋ1	ʨaŋ1a	ʨoŋA	tʃwaŋ1	ʨɔ̃1							
571	to trap/ensnare	*-cuA	(16)			cua1	ʨæ1a	ʨaA									
572	body/trunk	*-cæwB	(3)	ʨi3	ʨɯ3	ce3	ʨæ3a	ʨiB									
573	to carry on shoulder	*-cæwC	(3)	ʨi5			ʨæ5a										
574	酒 liquor	*-cowB	(13)	ʨu3	ʨɯ3	caɯ3	ʨə3a	ʨoB	tʃau3	ʨɤ3							
575	炙 to bake/toast	*-ciC	(1)	ʨen5		ci5	ʨi5a	ʨiC									
576	嚼 to chew	*-cu̯aC	(15)	ʨu5	ca5	cua5	ʨa5a	ʨaC	tʃa5	ʨa5							
577	crop (of bird)/gizzard	*-ciŋB	(18)								ʨiŋ3	ȡiŋ3					
578	to bark	*-cuŋC	(21)								ʨuŋ5’	ȶuŋ5	ȡwə5				
579	獐 deer	*-cuŋA	(28)								ʨuŋ1	ȶuːŋ1					
580	穿 to thread	*-chu̯en	(21)	ʨhaŋ1	ʨhɑŋ1	chɔ1	ʨoŋ1b	ʨhoŋA	tʃui1		ɕwən1	sen1’	ȶhwən1	tsui1			
581	處 bed/place	*-chouH	(13)	ʨhu5		chaɯ5		ʨhoC		ʨhõ2	ɕou5	ȶɔu5’	ȶhəu5	fu5			
582	to sweep	*-chæwA	(3)	ʨhi1		che1	ʨæ1b	ʨhiA									
583	belly	*-chu̯eiA	(12/17)		ʨhu1	ʨhi1	chau1	ʨɔ1b	ʨhuA	the1							
584	clf-rooms	*-choŋB	(28)	ʨhoŋ3		cha3	ʨaŋ3b	khoŋB									
585	to peel/shave	*-cheD	(10)			chai7	tɕe7b	tɕheD									
586	炒 to fry	*-chauB	(5)								ɕaːu3	ȶaːu3	ȶha3	hau3			
587	male (human)	*-ɟi̯aŋH	(24)	ʨaŋ6			ʨua6		ɳtʃi6		ʨaŋ2			kjaŋ2			
588	knee	*-ɟu̯əiH	(12/17)	ʨu6	ʨɔ6	cau6	ʨo6	ʑuC		ʨi6	ʨwai6		ȶwai6				
589	nine	*-N-ɟuə	(16)	ʨə2	ʨo2	cua2	ʨa2	ʑaA	tʃu2	ko5	du2	du2	ju2	ku2			
590	蕎 buckwheat	*-ɟæu	(3)			ce2	ʨæ2	ʑiA			ʨou2		ȶɔ4				
591	茄 eggplant	*-ɟa	(4)	ʨa2			ʨəa6				ʨe2		ȶa2	kjɛ2			
592	橋 bridge	*-ɟow	(16)	ʨu2		chɔ2			tʃi2	ʨe6	ʨou2	ȶɔu2	ȶəu2	ku2			
593	騎 to ride	*-ɟej	(10)	ʨi2		cai2	ʨe2	ʑeA	tʃei2	ʨhi2	ʨei2	ȶei2	ʨi2	ki2			
594	alive	*-ɟinA	(18)			cia2	ʨein2	ʑiA									
595	root	*-ɟoŋA	(28)	ʨoŋ2	ʨoŋ2	ca6	ʨaŋ6	ʑoŋA		kõ2							
596	to finish	*-ɟɔŋB	(29)	ʨu4	ʨu4		ʨəŋ4										
597	to grow (tr)	*-ɟiB	(1)	ʨen4				ʑeB	tei4								
598	leg/branch	*-ɟæwB	(3)	ʨi4	kɯ4	ce6	ʨe4	ʑaB									
599	to meet	*-ɟu̯aC	(15)	ʨa6		cua6	ʨəa6	ʑaC									
600	to plant	*-ɟəŋC	(21)		ʨɑŋ6	cɔ6	ʨoŋ6										
601	臼 mortar/treadmill	*-ɟoB	(7)	ʨə4	ʨo4	cɔ4	ʨu4	ʑiB									
602	炙 to burn/be alight	*-ɟiC	(1)	ʨen6		ci6	ʨi6	ʑeC									
603	茶 tea	*-ɟaA	(4)								ʨa2	ȶa2	ȶa2	ta2			
604	韭 Allium	*-ɟiuB (A)									ʨiu4			kiu4			
605	pillow	*-ɲcu̯əmH	(29)		ȵʨɯ5	ɲcɔŋ5	ȵʨaŋ5a	ȵʔʨoŋC	ntjoŋ5	ȵɔ5	dʑum6	ȡam5					
606	竹 bamboo strip	*-ɲcəuk	(6)	ʨen5	ȵʨɔ5	ɲcau5	ȵʨɔ5a		ntjeu5		dʑu7	ȡu7	ȡu7	dziu7			
607	to climb	*-ɲcæwC	(3)	ʨi5	ȵʨɯ5	ɲce5	ȵʨæ5a	ȵʔʨiC	ntja5								
608	to remember	*-ɲcoC	(7)			ɲcɔ5	ȵʨo5a	ȵʔʨuC									
609	to peck/dig	*-ɲcowD	(13)	ʨu7	ȵʨu7	ɲcaɯ7	ȵʨə7a	ȵʔʨoD		ʨɔ1							
610	正 straight	*-ɲci̯aŋA	(26)			ɲca1	ȵʨaŋ1a	ȵʔʨaŋA	ntjeu1								
611	thorn	*-ʔɟimB	(18)								jim3	ȡim3					
612	to sweep	*-ʔɟæuC	(3)									ȡɔu5					
613	夾 to pick up	*-ʔɟəpD	(7)								dʑap7		kan7				
614	cooking smoke	*-ɲchi̯ouH	(7)		ȵʨho5	ɲchɔ5	ȵʨo5b	ȵʔʨhuB			ɕeu5	sɔu5’					
615	to sprinkle/spill	*-ɲchuB	(16)		ȵʨho3	ɲchua3	ȵʨa3b	ȵʔʨhaB									
616	ant	*-ɟhi̯əuB	(1)								ɕeu3	sɔu3	sau3	dziu3			
617	mouth/beak	*-ɲɟuj	(9)	ȵu2	ȵɔ2	ɲcau2	ȵʨu2	ȵʨoA	ntjɔ2	ȵʑɯ2	dzuːi2		ʨi2	dzi2			
618	pillar	*-ɲɟæu	(3)	ȵi2	ȵɯ2	ɲce2	ȵʨæ2	ȵʨiA		ŋo2			ʨɔu2				
619	to water	*-ɲɟunA	(27)								dzun2						
620	sword	*-ɲɟəukD	(6)								dʑu8	ȡu6	ȡu8	dziu8			
621	sister-in-law	*-ʔɲam	(24)	ȵaŋ1	ȵi1	ȵa1	ȵa1a	ʔȵenA	ȵi1			ȵaːm1	ȵan1	ȵɛm1			
622	to weep	*-ʔɲæmX	(20)	ȵaŋ1	ȵɛ3	ȵia3	ȵi3a	ʔȵenB	ȵiŋ1		ȵem3	ŋjim3	ȵan3	ȵɛm3			
623	to be at/live	*-ʔɲəŋA	(21)	ȵaŋ1	ȵi1	ȵɔ1	ȵɔ1a	ʔȵoŋA	ȵɐŋ1	ȵõ1							
624	possessive	*-ʔɲi̯əŋA	(18)								ȵaŋ1	ȵaŋ1	nin2				
625	to crawl	*-ʔɲɛɔŋA	(22)								ȵɔŋ1	ȵɔːŋ1					
626	shy	*-ʔɲæiA/B	(12/17)								ȵai3	ȵai1					
627	claw/talon	*-ʔɲauB	(5)								ȵau1	ȵaːu3					
628	intestines	*-hɲeuŋX	(23)		ɕe3	ȵ̥u3	ȵoŋ3b	ȵ̥enB	ȵ̥ɔ3	ŋ̥ŋ3	ȵ̥eu3	ȵɔu3					
629	year	*-hɲu̯əŋH	(29)	ȵ̥hu5					ȵ̥waŋ5		ȵaŋ5	ȵaŋ5’	ȵ̥aŋ5	ȵaŋ5			
630	forehead	*-hɲenA	(20)	ȵ̥haŋ1	ɕɛ1		ȵi1b			nɪ̃1							
631	ȵɔu3n	*hɲouB	(13)									ȵɔu3	n̥au3	nau3			
632	to carry on back	*-hɲaC	(4)								ȵa5’	ȵa5	ȵa3				
633	to squeeze	*-hɲaiC	(11)								ȵai5’	ȵai5					
634	to winnow	*-hɲumC	(27)								ȵum5	ȵum5’	n̥ən5	num5			
635	raw/unripe	*-ɲu̯emX	(29)	ȵu4	ȵu4	ȵɔŋ4		ȵoB	ȵwaŋ4	ȵõ4		ŋjim4					
636	to steal	*-ɲemH	(20)	ȵaŋ6	ȵɛ6	ȵia6	ȵi6	ȵenC	ȵiŋ6	ȵɪ̃6	nim6	neːm6		ȵɛm6			
637	shallow	*-ɲenB	(20)	ȵi4			ȵi4			ȵɦɪ4							
638	姌 thin	*-ɲenB	(20)	ȵaŋ4	ȵɛ4	ȵia4	ȵi4	ȵenB	ȵiŋ4	nɪ̃4							
639	髯 beard	*-ɲaŋC	(24)	ȵaŋ6	ȵi6		ȵa6	ȵenC	ȵi6	nɪ̃6							
640	to dye	*-ɲumC	(27)								ȵum6	ȵum6	ȵin6	ȵam6			
641	to eat	*-ɲənC	(27)								ȵen6	ŋjin4	ȵin6	ȵan6			
642	銀 silver	*-ɲʷi̯ən	(18)	ȵi2	ŋoŋ2	ȵia2	ȵi2	ʔȵenA	ȵiŋ2	ŋ̩2	ȵwan2	ȵaːn2	ȵan2	ȵan2			
643	mosquito 	*ʔjɔŋB	(29)	ʑu3		jɔŋ3	ʑaŋ3a	ʔʑoŋB		jõ3							
644	to fly	*-ʔjaŋC	(24)	ʑaŋ5	ʑi3	ja5	ʑua5a	ʔʑenC	i5	je5							
645	秧 seedling	*-ʔjɛŋA	(22)	ʑi1	ʑɑŋ1	ju1	ʑoŋ1a	ʔʑaŋA	jaŋ1	jɔ̃1							
646	要 to ask for/want	*-ʔjuB	(16)	ə3		jua3	ʑa3a		wjaŋ3	ja3							
647	幼 small/young	*-ʔjuwC	(9)	ʑu5	ʑɔ5	jau5	ʑu5a	ʔʑoC	ju5	jɯ5							
648	to be at/live	*-ʔjəmA	(21)								jem1	jam1	jan1				
649	1sg (I/me)	*-ʔjaA	(4)								ja1	ja1					
650	to spill	*-(ʔ)jamC	(24)								ɕaːm5	jaːm6	ja6				
651	秧 seedling	*-ʔjaŋA	(24)								jwaŋ1	jaːŋ1	jɔ1				
652	to shrink	*-hjuk	(9)	xhu7							ɕo7						
653	uncle	*-jæuX	(3)	ʑu5	ʑo4				ja2	jo4	jou4	jɔu4					
654	to lick	*-jep	(10)	ʑi8	ʑɑ8	jai8	ʑe8		ŋklai8	jɛ8				dzjɛp8			
655	eight	*-jat	(4)	ʑa8	ʑi8	ji8	ʑi8	ʑaD	je8	ji8	jat8	jet8	hjɛn8	dzjat8			
656	羊 sheep/goat	*-juŋ	(28)	ʑoŋ2	ʑoŋ2	ja2	ʑaŋ2	ʑiA	jɐŋ2		juŋ2	juːŋ2	wjə2	dziŋ2			
657	tree of heaven	*-jɛŋA	(22)			ju2	ʑoŋ2	ʑaŋA									
658	cow/ox	*-joB	(7)		ʑu4			ʑuB									
659	whorl at top of head	*-jɨB	(2)	ʑi6		ji4	ʑi4	weB									
660	to be	*-jəŋC	(21)			jɔ6	ʑoŋ6	ʑoŋC		ȵɯ6							
661	煬 to dissolve/melt	*-jaŋA	(24)	ʑaŋ2	ʑi2	ja2	ʑua2		ȵi2	je2							
662	楊 poplar tree	*-ji̯aŋA	(26)				ʑaŋ2										
663	養 to raise (chickens)	*-jɛŋC	(22)	ʑi6		ju6	ʑoŋ6	ʑaŋC	jɐŋ6								
664	(Hakka /njam/) armspan 	*ju̯amA	(29)								jwam2	jɔm2	jaŋ2	dzjam2			
665	to walk	*-jəŋA	(29)								jaŋ2	jaŋ2	ȵaŋ2	dzaŋ2			
666	to dissolve	*-jəukD	(6)								ju8	ju6					
667	煬 to dissolve/melt	*-juŋA	(28)										wjə2	dziŋ2			
668	養 to raise (chickens)	*-juŋB	(28)								juŋ4	juŋ4	wjə4	dziŋ4			
669	to stretch	*-ɕoŋ	(28)	ɕhoŋ1		ɕa1				ɕõ1	ɕoŋ1						
670	to breed/propagate	*-ɕaŋC	(24)	ɕhaŋ5		ɕa5											
671	year	*-ɕɔŋC	(29)		ʨu5	ɕɔŋ5	ʨaŋ5a			ʨɔ̃5							
672	winnowing fan	*-ɕi̯əŋA	(24)								ɕaŋ1	saŋ1’	ȶaŋ1				
673	to twist/rub	*-ɕætD	(5)								ɕat7	saːt7’	saːt7’	sjɛt7			
674	媳 daughter/girl	*-ɕi̯ɛkD	(1)								ɕa7	sa7’	sa7	sa7			
675	younger brother	*-ku̯eiX	(8)		kɯ3	kɯ3	kou3a	kuB					ki3	kui3			
676	ditch	*-koŋA	(28)	koŋ1			kaŋ1a	koŋA	kjɐŋ1								
677	1sg (I/me)	*-kɛŋB	(22)			ku3	koŋ3a	kaŋB									
678	bamboo hat	*-kuwD	(9)		ku7	kau7	ku7a	koD		kɯ7							
679	to gnaw	*-kowD	(13)	ki7	ku7	kaɯ7	kə7a	koD									
680	to cover	*-komB	(21)								kom3	kɔm3					
681	plum	*-khowA	(13)			khaɯ1	kə1b	khoA									
682	to pick up	*-khowD	(13)	ʨhə1		khaɯ7	kɯ7b	khoD									
683	good/tasty	*-khuB	(3)									ku3		kɔm3			
684	開 to open	*-khu̯ɔiA	(11)								khɔi1	kɔːi1’	khwai1				
685	堀 hole	*-khotD	(13)								khot7	kɔt7	khwan7				
686	2sg (you)	*-gʉA	(8)			kɔ2											
687	蝗 grasshopper	*-gʉŋA	(30)	ku		kɔŋ	kaŋ	ɣoŋ									
688	muddy	*-ŋkoD	(7)			ŋkɔ7	ŋko7a			ŋa7							
689	soot	*-ŋkhowA	(13)	ʨhu1		ŋkhaɯ1	ŋkə1b	ŋʔkhoA									
690	crooked	*-ŋkhuwD	(9)		ŋkhu7	ŋkhau7	ŋko7b	ŋʔkhaD		ŋɔ1							
691	river deer	*-ŋgu̯eiB	(12/17)					ŋko4	ŋkuB								
692	牛 water buffalo/cow	*-ŋiuŋ	(23)	ȵen2	ȵe2	ȵu2	ŋoŋ2	ȵenA	ȵɔ2	ŋ̩2	ŋoŋ2	ŋɔːŋ2	ȵuŋ2	ŋ̩2			
693	瓦 tile	*-ŋʷæX	(5)			vua4	waə4	waB		wa4	ŋwa4	ŋwa4	ŋɔ4	ŋa4			
694	嫌 to dislike	*-ɣi̯emA	(20)								jem2	ȡiːm2	gjɛn2				
695	下 to descend	*-ɣaC	(4)								ja8	ȡa6	ȡa6	ga6			
696	to lift	*-kjeŋ	(20)							tɕõ1	ʨɛŋ1	ȶeːŋ5	kjɛ1	kaŋ1			
697	medicine	*-N-kjaj	(15)	tɕa1	ŋkɑ1		ka1a	kaA	ðja1	ȵa1		gjaːi1	hja1	tsɛi1			
698	金 gold	*-kjeəm	(23)	tɕen1	ɲce1	ku1	koŋ1a	tɕenA	tʃeŋ1	tɕĩ1	tɕem1	sam1	ȶan1	kɛm1			
699	needle	*-kjɔŋA	(29)	tɕu1	tɕu1	kɔŋ1	kaŋ1a	koŋA	tʃwaŋ1	kɔ̃1							
700	cold (day)	*-kju̯ɛŋB	(22)								tɕwəŋ3	sɔŋ3	ȶɔŋ3	kuŋ3			
701	to remember	*-kji̯əŋC	(24)								ʨjaŋ5’	saŋ5	ȶaŋ5	kɛŋ5			
702	緊 tight	*-kjənB	(27)								tɕen3	sen3	tɕin3				
703	句 clf-sentences	*-kjouC	(13)								ʨou5’	ȶɔu5	ȶəu5	kui5			
704	斤 catty	*-kʷjan	(20)	ʨaŋ1	kɑŋ1		ʨein1a	ʨenA	tʃoŋ1	kõ1	ʨwan1	san1	ȶwan1	tsan1			
705	sore/boil/blister	*-kʷjejA	(10)								ʨwei2	sei2					
706	child	*-kʷjeiB	(12/17)								ʨwei3	sei3	hwjəi7				
707	筋 sinew	*-kʷjanA	(19)								ʨwan1	saːn1	ȶwan1	tsan1			
708	蕨 fern	*-kʷjətD	(7)								ʨwət7	set7	ȶwan7	kɔt7			
709	itch(y)/scratch(y)	*-khju̯ɛt	(9)	tɕhu5	ɕi5	khau7	ko7b	khoD	ʃɔ7	ŋɯ7	ɕet7	set7’	hin7	kɛt7			
710	shoes	*-khjɔC	(6)		ɕɔ5	khau5	kɔ5b	khuC	ʃu5	ŋkʉ5							
711	薑 ginger	*-khjuŋA	(21)								ɕuŋ1	tθuŋ1’		kɔŋ1			
712	ten	*-gju̯ɛp	(9)	tɕu8	ku8	kau8	ku8	ɣoD	tʃɔ8	kɯ8	ɕep8	sap8	ȶhan8	sjɛp8			
713	tea	*-gjiB	(1)	tɕen4	ci4		tɕi4	ʑiB	tʃi4	tɕi4							
714	bracelet	*-gjəmA	(21)								tɕem2	sam2					
715	steep	*-gjujB	(9)								tɕui4	ȶui4		ki4			
716	裙 skirt	*-gjunA	(27)									ȶun2	ȶwən2	kɔn2			
717	to get up	*-gʷjaX	(4)						tʃe4		kja4	kwe4	ȶɔ4	kjɛ4			
718	mushroom	*-ŋkjæu	(3)	tɕi1	ŋkɯ1	ɲce1	ȵtɕæ1a	ȵʔtɕiA	ɳtʃa1	ŋo1	tɕeu1	sɔu1	ȶau1	ku1			
719	粔 rice cake	*-ŋkjuəX	(16)	tɕə3		ɲcua3	ȵtɕa3a	ŋʔkaB		ŋo3	ju3	ȡu3	ȡu3	gu3			
720	含 to hold in mouth	*-ʔgjɔmA	(29)								gɔm1	gjɔːm1	gan1				
721	boat/ship	*-ŋgjəŋA	(21)	ȵaŋ2	ŋɑŋ2	ŋkɔ2	ŋkoŋ2	ŋkoŋA	ɳtʃoŋ2	ŋɯ2							
722	to crawl	*-ŋgjoŋC	(28)	ȵoŋ6		ŋka6	ȵtɕaŋ6										
723	thick (liquid)	*-ŋgjɔŋC	(29)	ȵu6		ŋkɔŋ6	ŋkəŋ6	ŋkoŋC		ŋa8							
724	pair	*-ŋgjowD	(13)	ȵu8	ŋoŋ8	ŋkaɯ8	ŋkə8	ŋkoD	ɳtʃau8	ŋɤ8							
725	asleep	*-ŋgjɔmA	(29)								gɔm2						
726	to snore	*-ŋgjanA	(19)								gaŋ2	daːn2					
727	seven	*-ŋjiC	(1)								ȵi6	ŋji6	ni6	ȵi6			
728	硬 hard/solid	*-ŋjeŋC	(20)								ȵɛŋ6	ŋjeŋ6					
729	寫 to write	*-xjaB	(4)								θja3	kja3	ɕa3	sjɛ3			
730	象 elephant	*-ɣji̯ɔŋB	(26)								θɛŋ4	kjaːŋ4		sjaŋ4			
731	to fry	*-kleu	(2)	ka1	ca1	ki1	tɕi1a	tɕeA				[tjiː1]	khla1				
732	horn	*-klɛɔŋ	(22)	ki1	ce1	ku1	koŋ1a	kaŋA	kjaŋ1	kɔ̃1	kɔŋ1	kjɔːŋ1	klɔ1	kɔu1			
733	insect/worm	*-klæŋ	(24)	kaŋ1	ci1	ka1	kua1a	tɕenA	kjen1	kɛ1	kɛŋ1	kjeːŋ1	klɛ1	tsaŋ1			
734	road/way	*-kləuX	(3)	ki3	kɯ3	ke3	kæ3a	tɕiB	kja3	ko3	kjau3	kjau3	kla3	tsu3			
735	liquid/soup	*-klæwX	(5)		ca3	kua5	ka3a	tɕiB					kla3				
736	to cut	*-klæp	(5)	ken7	ɴqɑ7				tʃei7		kap7	kjap7	klan7	kɛp7			
737	grasshopper	*-klup	(9)							ka-jɔ7	tɕop7		klin7				
738	maggot	*-klaŋC	(24)	kaŋ5		ka7	kua7a	tɕenC		kɛ1-lõ7							
739	pullet/hen	*-klanC	(19)								kaːn5	kjaːn5					
740	egg	*-kləuC	(3)								kjau5’	kjau5	klau5	tsu5			
741	蝸 snail	*-klu̯eiA/B	(8)								kwei1	kui3	kjau3				
742	龍 dragon	*-kljuŋA	(28)								kuŋ1	kuːŋ1	kljɔŋ1				
743	hot (water)	*-k(h)lɛɔm	(22)	khi1	ce1	ku1	koŋ1a	kaŋA	khjaŋ1	kɔ̃1	kɔm1	kjɔːm1	klœn1	tsam1			
744	centipede	*-khluwD	(9)	khu7					khjɔ5								
745	力 strength	*-khləkD	(7)								kha7		khla7				
746	mountain (range)	*-gli̯emA	(20)								kem2	kiːm2	kleŋ2				
747	thin	*-glæiC	(12/17)								kje6	kjai6	klai6	kɛi6			
748	to fool/humor (children)	xxx	(10)						kle1			kja4	kljɔu4	kɛi4			
749	shallow	*-ŋkli̯əŋX	(18)			ŋkla3					glaŋ3	gjaŋ3		lɛŋ3			
750	scissors	*-ʔglji̯euB	(2)								jeu3	ȡiːu3	gjau3	gɛu3			
751	cattle pen	*-ŋgluə	(16)	ŋə2		ŋkua2	ŋka2	ŋkaA		tɕõ2		gu2	glu2	dzu2			
752	藍 indigo	*-ŋglam	(24)	ȵi2	ȵi2	ŋka2	ŋkua2	ȵʨenA	ɳtʃen2	ŋɤ2	gaːm2	gaːm2	klan2				
753	lazy	*-ŋglænB	(19)	ŋi4	ɲe4	ŋkɛŋ4	ȵtɕein4	ŋkaŋB		ŋɛ4							
754	turbid	*-ŋglokD	(13)								glo8	glɔ6					
755	tiger	*-ŋgljænA	(19)								ʥan2	gjaːn2	jɛn2	kjɛn2			
756	to laugh	*-krət	(7)	ȶə7	ʈo7	ʈɔ7	ʂo7a	tʂuD	tsu7	tɕa7	kjat7	kjet7	klan7	tut7			
757	six	*-kruk	(9)	ȶu5	ʈɔ5	ʈau5	ʂu5a	tʂoC	tʃɔ5	tɕɯ5	kwo7	kjɔ7	klɔ7	tɔu7			
758	to burn (tr)	*-kru̯eiB	(12/17)		ȶu3		ʈau3	ʂɔ3a	tʂuB								
759	door/gate	*-gru̯eŋ	(29)	ȶu2	ʈu2	ʈɔŋ2	ʂaŋ2	ʐoŋA	ʃwaŋ2	tɕɔ̃2	kɛŋ2	keːŋ2	klɛ2				
760	to be fat	*-grəunH	(21)	ȶaŋ6	ʈɑŋ6	ʈɔ6	ʂoŋ6	ʐoŋC	ʃoŋ6	tɕõ6	kun6	kun6	klin6	tin6			
761	animal fat/oil	*-grəŋA	(21)	ȶaŋ2		ʈɔ2	ʂoŋ2	ʐoŋA									
762	turbid	*-ŋkroB/ŋgroB	(7)		ɳʈo3	ɳʈɔ5	ɳʈo3a	ɳʔtʂuB	ɳtʃu4	ȵɔ̃3							
763	to lean (on stick)	*-ŋgraC	(4)	ȵa6	ɳɑ6	ɳʈi6	ɳʈe4	ɳtʂaC		ȵa2							
764	to seek shelter	*-ŋgreD	(10)			ɳʈai8	ɳʈe8	ɳtʂeD									
765	漏 to drip	*-ŋgroC	(7)	ȵə6		ɳʈɔ6	ɳʈu6	ɳtʂuC									
766	frog	*-KæŋX	(24)	qaŋ3		qa3	hua3a	qenB	ken3	kɤ7		ȶeːŋ3	kwa3				
767	to crow	*-KajH	(15)	qa5	qɑ5	qua5	ha5a	qaC	ka5	ŋa5	kaːi5’	kaːi5		kɔi5			
768	back (vs. front)	*-N-Kaŋ	(24)	qaŋ1		qa1	hua1a				daːŋ1	daːŋ1		kɔŋ1			
769	excrement	*-N-KəjX	(15)	qa3	qɑ3	qua3	ha3a	qaB	ka3	ka3	dai3	dai3	kai3	kai3			
770	雞 chicken	*-Kəi	(10)	qei1	qa1	qai1	he1a	qeA	kai1	kɛ1	tɕai1	ȶai1	kai1	kui1			
771	甘 sweet	*-Kam	(24)	qaŋ1		qa1	hua1a	qenA	ken1	kɛ1	kaːm1	kaːm1	kan1				
772	假 to borrow	*-KaX	(4)		qɑ3	qe3	hɪ3a		ku3	ka3	ka3	ka3	kɔ3	kɔu3			
773	crops	*-qɔŋA	(29)	qə1		qɔŋ1	haŋ1a										
774	star	*-qɛŋA	(22)	qɛ1	qe1	qu1	hoŋ1a	qaŋA	ka1	kɔ̃1							
775	grape	*-qinB	(18)	qei3	qɛ3		hæin3a	qenB		ji3							
776	to scold/curse	*-qeC	(10)				he5a	qeC									
777	egg	*-qæwC	(3)	ki5		qe5	hæ5a	qwjiC	kja5	ko5							
778	鴿 pigeon	*-kɔpD	(29)								kop7	kɔp7		ku7			
779	割 to cut	*-katD	(4)								kaːt7	kaːt7’	kwan7	kɔt7			
780	瓜 cucumber	*-Kʷa	(4)	fa1	kwɑ1	di1	hwɪ1a	qwaA	kwe1	qwa1	kwa1	kwa1	kwa1	ka1			
781	廣 wide	*-Kʷi̯aŋX	(24)	faŋ3	kwei3	da3	hwua3a		kwan3	kwɤ3	kwaŋ3	kwaŋ3	kwaŋ3	kjaŋ3			
782	過 to cross (river)	*-KʷajH	(15)	fa5	kwɑ5	dhau5		qwaC	kwa5	kwa5	kwɔi5’	kwaːi5	kwa5	kɛi5			
783	槀 dry/withered	*-KhæwX	(5)		qha3	qhua3	ha3b		khei3	khe3		kaːu3	khɔ3				
784	客 guest	*-Khæk	(5)	qha5	qha5	qhua5	ha5b	qheiC			khɛ7		khiɛ7				
785	ginger	*-qhinB	(18)	khi3		qhia3	hæin3b	qhwjenB	khai3								
786	to pack/wrap	*-qhʉB	(8)	qhɛ3		qhɯ3	hou3b	qhuB	khau3								
787	to tie/cross (legs)	*-qheA	(10)	qhei1		qhai1	he1b	qheA	khai1								
788	孔 hole	*-qhəŋB	(21)	qhaŋ3	qhu3	qhɔ3	hoŋ3b	qhoŋB	khoŋ3	khõ3							
789	bamboo bowl	*-khɔkD	(29)								khɔ7						
790	牽 to lead	*-khienA (C)										kiːn1’	khən1				
791	號 to sing/cry out	*-Gæw	(5)	ken2		qua2	ha2	ʁiA			haːu2	haːu2	hjau3				
792	下 low/short	*-GaX	(4)	ka4		qe4	hɪ4	ʁaB	tʃe4	ŋe4	ha4	ha4	hɔ4				
793	bamboo pipes	*-ɢænA	(19)	ki2		qen2	hæin2	ʁwjaŋA									
794	to slant/slanting	*-ɢeA	(10)		qa2	qai2		ʁeA									
795	葫 garlic	*-ɢaA	(4)	qa2		qe2	hɪ2	ʁaA									
796	oneself	*-gənA	(21)								kan2	kan2	kan4				
797	thick (porridge)	*-gətD	(7)									kat8					
798	to escape	*-ɢʷaD	(4)	fa8	qwei8	di8	hwɪ8	ʁwaD									
799	黃 yellow	*-ɢʷaŋA	(24)	faŋ2	kwei2	da2	hwua2	ʁwenA	kwan2	kwɛ2							
800	黃 bright/light	*-ɢʷaŋA	(24)	faŋ2		ka2	hwua2	ʁwenA	kui2								
801	cogongrass	*-NKan	(19)	qɛ1		ɴqɛŋ1	ŋkæin1a		ŋkan1	ŋɛ1	gaːn1	gaːn1	gwan1	gɔn1			
802	to low/bellow	*-ɴqəŋB	(21)			ɴqɔ3	ŋkoŋ3a	ɴʔqoŋB									
803	價 price	*-ɴqaC	(4)	qa5	ɴqɑ5	ɴqi5	ŋkɪ5a	ɴʔqaC	ɳtʃe5	ŋa5							
804	鉤 hook	*-ɴqæwC	(3)	qa5		ɴqe5	ŋkæ5a										
805	缺 to have a gap	*-NKʷet	(10)	qei5	ɴqwɑ3	ntai3					gwa7	gu7					
806	黃 bright	*-ʔgʷi̯əŋA	(24)								gwaŋ1	gwaŋ1	gwaŋ1	vjaŋ1			
807	dry/thirsty	*-NKhæj	(5)	qha1		ɴqhua1	ŋka1b	ɴʔqheiA	ŋkhei1		gaːi1	gaːi1’		gɔi1			
808	渴 thirsty	*-NKhat	(4)		ɴqhe7	ɴqhi7					gaːt7	gaːt7’		gɔt7			
809	meat	*-NGej	(10)	ŋi2	ɲa2	ɴqai2	ŋke2	ɴqeA	ŋkai2	ŋɛ2			dʑi2	hɔi2			
810	diligent	*-NGəjH	(15)	ŋa6	ŋɑ6	ɴqua6	ŋkəa6	ɴqaC	ŋka6	ŋe6			gwai6				
811	shuttle	*-ɴɢəŋB	(21)	ŋaŋ4	nɑŋ4	ɴqɔ4	ŋkoŋ4	ɴqoŋB	ŋwaŋ4								
812	to swallow	*-ɴɢəŋB	(21)	ŋaŋ4	ŋu4			ɴqoŋB									
813	下 to descend	*-ɴɢaB	(4)	ŋa4		ɴqe4	ŋkɪ4	ɴqaB		ŋe4							
814	狹 narrow	*-ɴɢeD	(10)	ŋi8	ŋɑ8	ɴqai8	ŋke8	ɴqeD	ŋkai8	ŋɛ8							
815	蝸 snail	*-kʷlejA	(10)								kwei1	gwei1	kli3	ki1			
816	old	*-qu̯oH	(7)	qo5	qɔ5	qu1			ku5	ko5	ko5’	ku5	ku5	ku5			
817	neck	*-qoŋB	(28)	qoŋ3	qoŋ3		haŋ3		kɐŋ3								
818	to marry (a woman)	*-qu̯aC	(15)	qha5			ha5a	kaC									
819	far	*-qʷuw	(3)		qɯ1	de1	hwæ1a	qweiA	kwa1	ko1	ko1	ku1	ku1	kɔu1			
820	cuckoo	*-ɢʉB	(8)		qu4		hu4										
821	duck	*-ɢu̯aC	(15)	ka6				ʁwaC									
822	to fall (over)	*-ɢu̯eiC	(12/17)		ku6	qɔ6	qau6	ho6	ʁuC		 						
823	back (of body)	*-ɢuwD	(9)	kə8		qau8	hu8	ʁoD	kɔ8	kɯ8							
824	蝸 snail	*-ɢʉA	(8)	ki1	qə1	qɯ2	hu2	ʁwjuA									
825	to swallow	*-ɴqowC	(13)				ŋkə5a		ŋkau5	ŋɛ5							
826	鳩 pigeon	*-ɴquA	(16)	qo1	ɴqo1	ɴqua1	ŋka1a	ɴʔqaA	ŋku1	ŋo1							
827	sky/heaven	*-ɴɢɛuŋ	(22)					ɴqwaŋA	ŋkuŋ2	ŋwɔ2	guŋ2	guːŋ2					
828	滑 smooth/slippery	*-ɴɢu̯at	(9)						ŋkɔ8	ŋgɯ8	gut8	gɔt8	gwan8	gut8			
829	neck	*-qlaŋ	(24)			da1					klaːŋ1	klaːŋ1	klaŋ1	kan1			
830	dog	*-qluwX	(3)	l̥a3	qwɯ3	de3	l̥æ3a	qleiB	kla3	ka-ljɔ̃7	klo3	klu3	klu3	ku3			
831	waist	*-qlajX	(15)	l̥a3	qwɑ3	dua3	l̥a3a	qlaB	kla3	la3	klaːi3	klaːi3	kla3	lai3			
832	eagle/hawk	*-qlaŋX	(24)	l̥aŋ3	qwei3	da3	l̥ua3a		klen3	kwɤ3	klaːŋ3	klaːŋ3	klaŋ3	kjan3			
833	white	*-qlowA	(13)	l̥u1	qwə1	daɯ1	l̥ə1a	qloA	klau1	kwɔ1							
834	to roll down	*-qləŋB	(21)	ȴ̥aŋ3	cɑŋ3	dɔ3		qloŋB									
835	walnut	*-qlowC	(13)				l̥ə5a	qloC									
836	to repay	*-qlauB	(5)									klaːu3	klau3	kau3			
837	round	*-ɢlun	(27)							ka1-lɔ̃4	klun2	klun2	klin2				
838	桃 peach	*-ɢlæw	(5)	l̥en2	qwa2	dua2	l̥a2	ʁleiA		kwi2	klaːu2	klau2	kla2	kɔu2			
839	river	*-ɢlæwA	(3)			de2		ʁleiA									
840	Allium	*-ɢləŋB	(21)			dɔ4	l̥oŋ4	ʁloŋB									
841	mountain pass	*-ɢlowD	(13)			daɯ4	l̥ə4										
842	腸 intestines	*-ɢljaŋA	(24)								klaːŋ2	klaːŋ2	klaŋ2	kjaŋ2			
843	front surface	*-ɴɢlinA	(18)			ntia2		ɴqlenA									
844	to flow	*-ɴɢlʉB	(8)			ntɯ4		qluB	ljɔu4								
845	ragged/shabby	*-ɴɢluC	(16)	nei6		ntua6		qlaC									
846	shuttle	*-ɴɢlowB	(16)								gou4	glɔu4					
847	bear	*-qrep	(10)	ȴ̥i7		dai7	l̥e7a				kjep7	kjaːp7	kljɛ7				
848	black	*-qrɛŋA	(22)	l̥ɛ1	qwe1	du1	l̥oŋ1a	qlaŋA	klaŋ1								
849	spirit/ghost	*-qraŋA	(24)	ȴ̥aŋ1	qwei1	da1	l̥ua1a	qlenA	kli1	kwɛ1							
850	trough	*-qroŋA	(28)	ȴ̥oŋ1	coŋ1	da1	l̥aŋ1a	qloŋA	kjɐŋ1	ljõ1							
851	to tear	*-qru̯aC	(15)	ȴ̥i5		dua5	ɭ̥a5a	qlaC		kwɛ3							
852	span, finger	*-qroC	(7)	l̥o5		dɔ7	l̥o5a	qlouC									
853	salty	*-qrowC	(13)	ȴ̥u5		daɯ5	l̥ə5a										
854	ice	*-qru̯eiD	(12/17)		ȴ̥u7		dau7										
855	black	*-qri̯ɛkD	(1)								kje7	kja7	kja7	kjɛ7			
856	armspan	*-ɢraŋA	(24)	ȴ̥aŋ2	ci2	da2	l̥ua2	ʁleiA									
857	one	*-ʔɨ	(2)	i1	ɑ3	i1	ei1a		i3				i1	a1			
858	two	*-ʔu̯i	(14)	o1	ɯ1	ɔ1	ɔ1a	uA	u1	va1	vi1	i1	wəi1	vi5			
859	bitter	*-ʔim	(18)	i1	ɛ1	ia1	æin1a		an1	jɪ̃1	im1	im1	in1	jɛm1			
860	mountain pass	*-ʔæ(C)	(5)						e7		ɛ7	e1	ɛ7	a1			
861	water	*-ʔu̯əm	(29)	ə1	u1		aŋ1a	oŋA	waŋ1	ʔɔ̃1	wəm1	wɔm1	ən1	m̩3			
862	to do/work	*-ʔəjH	(15)	ɛ5		ua5	aŋ5a	aC		ʔɪ̃5		ai5	wəi5	ai5			
863	to swell	*-ʔəumH	(21)	aŋ5	ɑŋ5	ɔ5	oŋ5a	oŋC	oŋ5	ʔõ5	om5’	ɔm5	ən5				
864	媼 wife	*-ʔəuX	(3)	a3							au3	au3	kau3				
865	鴨 duck	*-ʔap	(7)			ɔ7	o7a		ai7	a7	aːp7	aːp7’	an7	ap7			
866	that/the former	*-ʔɨB	(2)	i3	a3	i5	i3a	eB									
867	cloud/haze	*-ʔɔŋC	(29)	en5		ɔŋ5	aŋ5a										
868	烏 crow (bird)	*-ʔuA	(16)			ua1	a7a										
869	meat	*-ʔaB	(4)								a3	a3					
870	愛 to love	*-ʔu̯ɔiC	(11)									ɔːi5		i5			
871	欱 to drink/smoke	*-hup	(9)	hə7	hu7	hau7	ɦo7b	hoD	xɔ7	hɔ7	hop7	hɔp7’	hən7	hup7			
872	fog/cloud	*-huA	(16)	ho1	ho1	hua1	ɦa1b	haA		ho1							
873	to weave/plait	*-hinA	(18)	hei1	hɛ1	hia1	ɦæin1b	henA	xan1								
874	clay pot/earthen jar	*-hɛŋA	(22)			hu1	ɦoŋ1b	haŋA									
875	to sharpen/grind	*-hoB	(7)	xhə3	ho3	hɔ3	ho3b	huB	xu3	ho3							
876	to boil (tr)	*-hu̯eiC	(12/17)		hu5	hɔ3	hau5										
877	to ladle	*-heD	(10)	hei7		hai7	ɦe7b	heD		fɛ7							
878	to rob	*-hæD	(5)				ɦa7b	hiD									
879	腐 bean curd	*-hʉB	(8)				ɦou3b	huB									
880	to cover (with tile)	*-hi̯əmB/C	(18)								hom6	hɔːm3		hum3			
881	to scold/curse	*-hi̯emC	(20)								heːm5						
882	狹 narrow	*-hep	(10)								hep8	heːp8	hjɛn8	hɛp8			
883	厚 thick	*-ɦɔuB	(3)								ho4	hu4	hau4	hu4			
884	6b. HM	*-ɔi	(131)														
885	7b. HM	*-o	(225)														
886	13b. HM	*-ou	(263)														
887	13c. HM	*-op	(237)														
888	13d. HM	*-ot	(256)														
889	16d. HM	*-ow	(172)														
