12	be
11	rain
11	pus
10	urine
10	laugh
10	know
10	eat
10	come
9	six
9	one
9	god
9	go
8	sit
8	seven
8	say
8	louse
8	heart
8	hear
8	ghost
8	eye
8	dream
8	do
8	cover
8	chew
8	I
7	wheat
7	two
7	tooth
7	tongue
7	three
7	thread
7	tail
7	swell
7	stand
7	spill
7	sky
7	skin
7	show
7	sew
7	seed
7	scratch
7	push
7	porter
7	place
7	open
7	nine
7	nest
7	mouth
7	kill
7	horn
7	hand
7	give
7	five
7	fire
7	earth
7	drink
7	door
7	disarrange
7	die
7	decide
7	cut
7	cow
7	call
7	breath
7	bile
7	belly
6	winnow
6	wind (v.)
6	weed
6	water
6	wash
6	walk
6	wait
6	waist
6	vomit
6	un
6	touch
6	thief
6	ten
6	swim
6	song
6	sniff
6	sleep
6	send
6	sell
6	rope
6	remember
6	read
6	pull
6	prepare
6	pond
6	peel
6	peak
6	of
6	nose
6	name
6	month
6	milk
6	lick
6	iron
6	house
6	host/master
6	horse
6	gold
6	goat
6	four
6	feces
6	face
6	eight
6	egg
6	dirty
6	carry
6	bring
6	bright/light
6	blood
6	bite
6	beer
6	and
5	you
5	yellow
5	year
5	win
5	what
5	voice
5	village
5	up
5	undress
5	thunder
5	this year
5	sweat
5	steal
5	star
5	snow
5	small
5	sheep
5	see
5	scatter
5	saliva
5	rêver
5	root
5	river
5	rice
5	remain
5	pour
5	play
5	petit
5	paddy ear
5	needle
5	nail
5	mortar
5	montée
5	medicine
5	long
5	like
5	lie
5	leaf
5	lake
5	jump down
5	itch
5	hole
5	hair (body)
5	grate
5	grass
5	front
5	from
5	friend
5	forest
5	forehead
5	fat
5	faded
5	echo
5	dig
5	day
5	dawn
5	dance
5	cough
5	corner
5	climb
5	chin
5	ceci
5	catch
5	by
5	bury
5	build
5	bridge
5	bread
5	big
5	beg
5	bear fruit
5	bark
5	astray, go
5	ask
4	échelle
4	write
4	wood
4	wing
4	wife
4	who
4	white
4	west
4	weigh
4	wall
4	verbal suffix
4	vegetable
4	understand
4	tree
4	travail
4	trap
4	toad
4	tisser
4	tigre
4	tie
4	thresh
4	thigh
4	thatch
4	tea
4	take/adopt
4	sweet
4	swallow
4	suffix
4	sufficient
4	suck
4	stop (v.i.)
4	stone
4	step on
4	startled
4	sprout
4	space
4	snore
4	smell
4	slope
4	sift
4	shoulder
4	shear (sheep)
4	shameful
4	shake
4	self
4	seize
4	same
4	récurer
4	run
4	roast
4	road
4	right
4	rib
4	rest
4	repeat
4	quatre
4	put away
4	pretty
4	post
4	plough
4	plant
4	planche
4	pick up
4	pain
4	overflow
4	need
4	mélanger
4	morning
4	meet
4	massage
4	marrow
4	marcher
4	many
4	live
4	line up/dispose
4	life
4	leak
4	lay (egg)
4	langage
4	laine
4	knead
4	kidney
4	jouer
4	joint
4	intestins
4	husband and wife
4	husband
4	hundred
4	huit
4	hot
4	hoe
4	hit
4	happy
4	gratter
4	grand
4	good
4	garlic
4	full
4	frog
4	forêt
4	forget
4	fly
4	flour
4	flood (big damage)
4	flesh
4	flame
4	fingernail
4	finger
4	find
4	fils
4	feather
4	fasten/tighten
4	farine de Fagopyrum tataricum
4	fall down
4	falaise
4	enter
4	encorner
4	east
4	ear
4	down
4	distant/far
4	descend
4	defecate
4	deep
4	cubit
4	contest/dispute
4	connect/fasten
4	clothes
4	cinq
4	choke
4	chest
4	cheap
4	calm/quiet
4	buy
4	burn
4	brûler
4	bru
4	brothers
4	brood
4	broad/wide
4	breathe
4	blanc
4	black
4	bell
4	belch
4	begin (v.t.)
4	be/is/are
4	be tired
4	arrow
4	année
4	aiguille
4	after
4	accompagner
4	abominable
4	abandon/cast away
3	être dégoûté
3	éternuer
3	écorce
3	young
3	yawn
3	yack
3	word
3	wither
3	wind
3	whole
3	whisper
3	weak
3	we (two)
3	wave
3	want to
3	wake up
3	voler
3	voir
3	vite
3	visit
3	visage
3	vendre
3	van
3	valley
3	uproot
3	tête
3	twenty
3	tuyau
3	turquoise
3	trade
3	to
3	tiger
3	thé
3	think
3	thick
3	terre
3	temple
3	teindre
3	tear
3	talk
3	take off
3	take
3	sweep
3	sueur
3	stumble
3	strong
3	stretch (itr)
3	start (doing s.th.)
3	stamp
3	stalk
3	squeeze (juice)
3	spring
3	split (wood)
3	splash
3	spit
3	speak
3	south
3	soup/broth
3	souffler
3	something
3	someone
3	some
3	sneeze
3	snatch away
3	smooth
3	slide (earth)
3	sit cross-legged
3	sick
3	shoot
3	shiver
3	sheath
3	seventy
3	set (sun)
3	search for
3	scrub (pots)
3	savory
3	sangsue
3	sang
3	sacrifice
3	ruminate
3	rizière
3	rise (sun)
3	ripen
3	rinse
3	rich
3	rice (cooked)
3	return/come back
3	repent
3	regret
3	red
3	racine
3	quoi ?
3	queue
3	put in
3	prick (thorn)
3	pretend
3	poteau
3	poser
3	poison
3	pleurer
3	plein
3	pioche
3	pillar
3	peu épais (liquide)
3	peser
3	person
3	penis
3	peck
3	peau
3	path
3	os long
3	oreille
3	or
3	oath
3	nurse
3	nuage
3	not
3	north
3	ninety
3	night
3	nid
3	nez
3	neuf (nombre)
3	neuf
3	neige
3	neck
3	narrow
3	must
3	mourn
3	mourir
3	morve
3	mite
3	message
3	menton
3	measure (cloth)
3	measure
3	masser
3	manure
3	manche d'outil
3	man
3	maison
3	légume
3	lung
3	love
3	lose/defeated, be
3	look at
3	look
3	long for
3	loan
3	load
3	liver
3	listen
3	limp
3	lift
3	lid
3	lenient
3	learn
3	laver
3	last (time)
3	large shawl
3	know (smn)
3	knee
3	jealous
3	jaw
3	important
3	hurt
3	hill
3	high
3	help
3	heavy
3	head
3	hard
3	handle
3	half moon
3	hair
3	groan
3	greet
3	grease
3	go out
3	gnaw
3	give back
3	germinate
3	gendre
3	gather up
3	fur
3	fry
3	frost
3	friendly
3	freeze
3	fragrant
3	foie
3	flower
3	fine
3	fight (animals)
3	fight
3	field
3	feuille
3	feu
3	festival
3	fer
3	fence
3	feel at ease
3	farine
3	false
3	fall over
3	fall off
3	fall
3	fade
3	experienced
3	estomac
3	entendre
3	enfler
3	enemy
3	elder
3	drive away
3	draw
3	dos
3	dormir
3	doorway
3	doigt
3	dix
3	divide
3	dieu
3	deux
3	dent
3	damp
3	cultivate
3	cuisse
3	crawl
3	cow shed
3	covering
3	couvrir
3	count
3	coude
3	cou
3	corps
3	corde
3	copper
3	cooked rice
3	compare
3	collide
3	coiffer
3	close
3	cliff
3	choke (with liquids)
3	chirp
3	cheval
3	chat
3	chase
3	chant
3	chair
3	cendres
3	cela
3	cave
3	cattle
3	broom
3	broad
3	break
3	brain
3	bouche
3	born, be
3	book
3	bon marché
3	boil (water)
3	boil (food)
3	body
3	blow (with mouth)
3	bloom
3	blood vessel
3	bière
3	bitter
3	beurre
3	beside
3	bench
3	bellow (bull)
3	behind
3	begin
3	beat (heart)
3	bear
3	beam
3	be late
3	be drunk
3	bark (v.)
3	bargain
3	bamboo
3	bague
3	back
3	aïl
3	assemble
3	arrow point
3	arrive
3	around
3	arbre
3	answer
3	allow
3	all
3	1 roupie
3	(plural)
2	être enceinte
2	être en bonne santé
2	être
2	étoile
2	étirer qqch.
2	épouse
2	épaule
2	épais (liquide)
2	égrener
2	égal
2	écrire
2	écouter
2	échanger
2	you (two)
2	yonder
2	yolk
2	year before last
2	yaourt
2	yack hybride
2	yack femelle
2	wrinkle (n.)
2	wrestle
2	wrap around head
2	wrap (things)
2	worship (v.)
2	work
2	woman/female
2	woman
2	withdraw/go down (price)
2	with/together/along with
2	with
2	wipe off
2	wipe
2	winnow (small quantities)
2	window
2	wind up
2	width (horizontal)
2	why/for what reason
2	whistle
2	whirlwind
2	where
2	wheat flour
2	wet
2	well
2	weigh/measure
2	weep
2	web
2	weave/knit
2	weave
2	wear/put on
2	wear out (iron utensils)
2	wean
2	way/road
2	waxing moon
2	wash away, to erode
2	warm
2	war/warfare
2	waning moon
2	walk lame
2	wake up, to get up
2	vêtement
2	vulture
2	vomit (v.)
2	vomissement
2	vivre
2	vingt
2	vieille femme
2	vieil homme
2	viande
2	very
2	vert
2	verser
2	ventre
2	venir
2	veine
2	vapeur
2	vanner
2	vallée
2	vaisselle
2	vacciner
2	vacant/empty
2	urinate
2	unit
2	under
2	unclean/impure, become
2	un peu
2	two-thirds
2	twisted
2	twig
2	twenty-two
2	tusk/fang
2	turn to
2	tuer
2	très
2	true
2	trou
2	trois
2	trier
2	tremble (in trance)
2	tremble
2	treize
2	tread
2	traire
2	town
2	tousser
2	toucher
2	torn, become
2	torn, be
2	tool
2	tomorrow
2	toilet
2	toi, tu
2	tired, be
2	time (first, second...)
2	tighten
2	tight
2	tie up (laces)
2	thunder strike
2	thunder (v.)
2	thrust/dab
2	throw/cast
2	throw away
2	throat
2	thou
2	this (one)
2	this
2	thing
2	thin
2	these (ones)
2	these
2	that place/over there
2	that (two)
2	that
2	tether (animal)
2	terrible
2	terrain en pente
2	terrace wall
2	tell
2	teach
2	tax
2	taste/flavor
2	taste/eat sample
2	taste
2	tambour
2	take out (of box)
2	take out
2	take off (stove)
2	sûrir
2	swing (on swing)
2	swell/rise
2	suspendre
2	sunset
2	sunrise
2	suffire
2	sufficient, be
2	succeed (in attempt)
2	stuck, get
2	string (beads)
2	strike/pierce
2	strike/beat/hit
2	strength
2	strangle
2	strain
2	straight
2	stout (man)
2	stout
2	stop/hold up
2	stop/give up
2	stop (v.t.)
2	stoop /bend down
2	sting
2	sticky
2	stick
2	steam
2	stay without sleep
2	statue
2	starve/hungry, be
2	stain
2	stagger
2	square
2	sprain (limb)
2	spoon
2	spit (v.)
2	spirit/mind/soul
2	spindle
2	spinach
2	spin thread
2	sparrow
2	span of hand
2	sour
2	sortir
2	sort
2	soot
2	sommet
2	solid
2	soleil
2	solar eclipse
2	soft
2	soeur cadette
2	soeur aînée de la mère
2	soeur aînée
2	soak
2	snot
2	sneeze (v.)
2	snail
2	smile
2	smell/scent/odour
2	smell (flower)
2	smear
2	smallpox
2	slip
2	slick
2	slave
2	slander smn.
2	slander s.o., to tell tales about s.o.
2	sisters
2	sink
2	sing
2	silver
2	sign
2	sigh
2	shut in
2	shut
2	shrink (v.i.)
2	shoulder (v.)
2	shine (sun)
2	shin
2	shawl
2	shave
2	shake off earth
2	shadow
2	severe
2	seulement
2	set/put
2	serviteur
2	separate
2	selle, bât
2	seins
2	seduce
2	search
2	se réveiller
2	se laver
2	se chauffer au feu
2	scream
2	scratch (thorn)
2	scrape
2	scoop out
2	scold
2	school
2	scaffold
2	saw
2	savoir (faire)
2	satiated
2	sarrasin
2	sap/resin
2	sangsue d'eau
2	salty
2	salt
2	salive
2	sale
2	sacred
2	sac de cuir
2	rêve
2	ruminer
2	rub/scrub
2	rub in (oil)
2	rub
2	round
2	rough
2	rot/rotten, become
2	rot
2	roof
2	roll up
2	roll over
2	roi
2	rock
2	riz non décortiqué
2	riz (honor.)
2	rise/get up
2	ripe, become/ripen
2	ride/mount
2	ride (on horse)
2	riche
2	rich man
2	rice, cooked (hon.)
2	rice broth
2	rice (unhusked)
2	rice (boiled)
2	rest (of work)
2	rest (n.)
2	respirer
2	respect
2	resemble
2	request/ask
2	request (object)
2	repose/rest, take
2	reply/answer
2	replace/exchange
2	repair/mend
2	remuer en faisant couler
2	remind/recollect
2	release
2	rejoice/glad
2	reins
2	recover/heal
2	reckon
2	recevoir
2	receive/accept
2	receive
2	reach there
2	reach for (by foot)
2	raw
2	rattle
2	rat
2	raser (barbe, laine)
2	raser
2	raise
2	rainy season
2	rainbow
2	quinze
2	quickly
2	qui a six doigts
2	questionner
2	question/ask
2	quatorze
2	quart de roupie
2	quarrel (with words)
2	père
2	pâte à bière
2	put to sleep
2	put out/take out
2	purée de farine
2	pull out
2	pubes/pubenda
2	propre
2	property
2	price/cost
2	price
2	pretty/clean
2	press down
2	predict, to foretell
2	prayer
2	powder
2	pouvoir (physiquement)
2	poutre
2	pound/hull
2	poumon
2	pouce
2	pou
2	potter about
2	pot, plat
2	pot à raksi droit en bois tourné
2	pot de bois tourné, à col
2	pot
2	porte
2	pool
2	pondre
2	pollen
2	polir le riz
2	poisson
2	point/tip
2	plow after putting manure
2	plow
2	pleine lune
2	plein à ras
2	pleasant
2	planche à égaliser après semis
2	plan (v.)
2	plan
2	plaine
2	piquer
2	pile up in layers (orderly)
2	pile up (heap)
2	pierre
2	pierce
2	pick (v.)
2	pick
2	petit bambou
2	personne
2	person/man
2	perforated
2	pen up (animals)
2	peel (out of shells)
2	payer
2	pay
2	patch
2	pass by
2	pass
2	partial
2	part/separate
2	parfum
2	pant
2	panier à pieds
2	panier presque plat sans pieds
2	panier plat
2	pan/pot
2	palm (hand)
2	palm
2	pain frit
2	paddy plant
2	paddy field
2	pack/wrap
2	ox
2	own (possess)
2	out/outside/exterior
2	oublier
2	other world(s)
2	os
2	ornament
2	orge (une sorte d')
2	oreiller
2	open (door, window)
2	onze
2	only
2	ongle
2	one-third
2	oiseau
2	offrande
2	of (genit. p.)
2	oeuf
2	oeil
2	number (one)
2	numb, be
2	nourrir
2	nostril
2	nombril
2	nom
2	nod (head)
2	niŋalo
2	nièce croisée - petite-fille
2	next year
2	new moon
2	new
2	neveu croisé - petit-fils
2	neither
2	neighbor
2	neglect (fail to care for)
2	need to
2	navel
2	mûrir
2	mère
2	mutter
2	mur
2	mucus (nasal)
2	moëlleux
2	mow/cut
2	mouton
2	mourning
2	mountain
2	moulin
2	mortier
2	mordre
2	mongoose
2	money
2	mollet
2	molar
2	molaire
2	mois
2	moi, je
2	mix/blend
2	mistake, make
2	miss
2	miracle
2	mind/heart
2	mimic (an action)
2	millet
2	middle
2	meule
2	mettre tika
2	mesurer une longueur ou un volume
2	mesurer tissu
2	mesurer
2	mend
2	melt/solve
2	meat
2	meadow
2	maître
2	match (v.i.)
2	masque
2	marriage
2	mark
2	mari
2	marcher sur
2	manger
2	man/male
2	male
2	make
2	lèvre supérieure
2	low
2	lovely/charming/pitiable
2	loud
2	loom
2	look/see
2	long life
2	loin
2	loft
2	livre
2	lisses
2	liquor (fermented)
2	line
2	lime
2	light/ray
2	light
2	ligament
2	lie/lie down
2	leopard
2	lentement
2	length
2	lend/borrow
2	leg
2	left
2	leave/start out
2	leave behind
2	leave (start out)
2	lean
2	lazy
2	late, be
2	last year
2	last night
2	last
2	larmes
2	large
2	language
2	landslide
2	land
2	lancer le mrani en tournant
2	lance/spear
2	lait
2	ladder
2	knit/weave
2	kiss
2	kindling
2	kindle
2	kind (to be)
2	kick
2	kettle
2	keep/raise
2	keep
2	jump up
2	jump over
2	jump across
2	jump
2	jouer de la musique
2	joue
2	join
2	jaune
2	jar/pot
2	intestines
2	instrument à filer
2	instruct/teach
2	inspire a feeling
2	inside/inward/interior
2	insane
2	inelastic
2	industrious
2	increase
2	incense
2	in, inside of
2	in front of
2	ignore
2	hurt (not physically)
2	hum (insects)
2	how
2	house/home
2	houe
2	hot/spicy
2	hot water
2	hook
2	hoof
2	hole/pit
2	hold out
2	hold
2	hire (farm laborer)
2	high pitch
2	hide/conceal
2	herbe
2	heat (v.i.)
2	healthy
2	heal/cure
2	heal (wound)
2	he/she
2	he
2	have
2	haut
2	hate (v.)
2	hatch
2	harvest (bring in)
2	happen
2	hang down/suspend
2	half
2	hair (of head)
2	gémir
2	guérir (maladie)
2	guts
2	guard
2	growl
2	grow up
2	grow (grass)
2	grove/cope/wood
2	gros (homme)
2	grind
2	greeting/salute
2	green vegetable
2	greed
2	greasy
2	graze
2	grandmother/grandmama
2	grande jarre ronde en terre, à chang
2	grandchild (male)
2	grand-père
2	grand-mère
2	grand panier (de portage)
2	grand couteau népalais
2	graine
2	goûter
2	goître
2	gourd
2	gossip
2	good day
2	go on pilgrimage
2	glisser
2	glass
2	give up
2	give to smell
2	give to drink
2	give s.o. to be married
2	give birth
2	get away/turn away
2	gentle
2	genou
2	gencives
2	gather/assemble
2	gate
2	gargle
2	ganglions
2	fusil
2	fumier
2	frère cadet
2	frère aîné
2	fry/dry-fry
2	froid
2	fourrage sec
2	fou
2	foster/bring up
2	force/strength/power/might
2	foot
2	food
2	fold over
2	fog
2	foam
2	flèche
2	fly (v.)
2	flour, wheat
2	floor/field/plain
2	floor
2	flood (smaller damage)
2	float (as wood in water)
2	flirt
2	flicker (fire)
2	flatter
2	flatten dough (with roll)
2	flare up
2	fix/put in ((e.g. window frame))
2	finish/end
2	finish
2	filth/grime
2	fille
2	fill
2	fil
2	fifty
2	field (cultivated )
2	fiber
2	few
2	fermé
2	ferment (v.i.)
2	ferment
2	female
2	feed
2	fed up, be
2	feces/stool
2	fearful
2	fear/afraid/scared/dreadful
2	fear
2	fat/grease
2	farine de sarrasin
2	farine de blé grillé dans le thé
2	farine d'orge grillé
2	falloir
2	fall/sunset
2	fall (v.i.)
2	faith
2	faire une tresse
2	faire la raie
2	faire chauffer
2	faint
2	faeces
2	eyelash
2	eyeball
2	expensive
2	exist
2	excréments d'animaux
2	exchange (money)
2	except
2	even
2	escape/run away
2	escape
2	escalier de pierre
2	erect
2	equal
2	ensemble
2	endure
2	en haut
2	en bas
2	empty
2	emporter
2	embrace
2	else/other
2	elephant
2	economize
2	eau
2	easy
2	early
2	eagle
2	déversoir des cendres (devant le foyer)
2	dépecer
2	démanger
2	déféquer
2	déchirer
2	débouler de montagne
2	dye
2	dur
2	dry/dry, make
2	dry
2	drunken, be
2	drunk
2	drum (lama's)
2	drive/run after
2	dress
2	draw up
2	draw back
2	douze
2	docteur
2	dix-sept
2	dix-neuf
2	dix-huit
2	divorce
2	divide/distribute
2	disease
2	direction
2	dire
2	dip into
2	dilute
2	dew
2	deux coudées
2	deuil
2	desirable
2	desert
2	describe
2	demi-roupie
2	demi
2	deer
2	decorate
2	daylight
2	day of the week
2	daughter-in-law
2	dal, pulse
2	côte
2	cut up (in pieces)
2	cut hair
2	cup
2	cultivation/tillage
2	cultivate/till
2	cubit (elbow to fingertip)
2	cry/weep
2	cry
2	crush/shutter (to pieces)
2	cross/ferry
2	crawl/creep
2	crasse
2	cram into
2	crack/smash
2	crachat
2	cover (v.)
2	couvercle
2	cousin
2	court
2	cour
2	couper
2	couler goutte à goutte
2	cough (v.)
2	coucher (enfant)
2	corpse
2	corne
2	corn/grain
2	coq
2	cool (food)
2	continue
2	content
2	conspire
2	congratulations!
2	conduire des bêtes
2	conceive (become pregnant)
2	complain
2	commerce
2	command
2	come out
2	come (from upside)
2	comb (v.) (hair)
2	comb
2	colour
2	colonne vertébrale
2	collect/gather
2	collect (taxes)
2	coffre à grain
2	coeur
2	cloud
2	clothes/clothing
2	cloth
2	cling to
2	clean (vegetables)
2	clean
2	clan
2	ciel
2	chèvre
2	châle
2	child's nurse
2	chief
2	chew cud
2	cheveux
2	chercher
2	chemin
2	chef
2	cheek
2	cheat
2	chaux à badigeon
2	chaud
2	charbons ardents
2	chanter
2	change place
2	change
2	centipede
2	cent
2	ceinture
2	cease
2	castrate (bulls)
2	carder la laine
2	cage/basket
2	cackle
2	buy/purchase
2	business/job/work/task
2	burn/blaze
2	burn (v.i.)
2	burial
2	bungle
2	bull
2	build roof
2	brèdes
2	brosse à cheveux
2	briller (soleil)
2	briller
2	breathe (out)
2	breasts
2	break/destroy
2	break down the lumps in a wet field
2	break down lumps of soil
2	break down (soil)
2	breadth/width
2	bras gauche
2	bras droit
2	bracelet de verre
2	bracelet
2	bow
2	bouquet
2	bouillir
2	boue
2	both
2	bore (a hole)
2	book (sutras)
2	bone
2	bois à brûler
2	bois
2	boire
2	boil/cook
2	body louse
2	board/plank
2	blue
2	blow nose
2	blow (breath)
2	blow
2	blink/person who blinks
2	bleu
2	bleed
2	blanket (other than sheep's wool)
2	blade/edge
2	bite (as a snake)
2	bird
2	bind
2	big/large
2	big (rope)
2	beyond
2	betel leaf
2	beside/alongside
2	berger
2	belt
2	belle-mère
2	begin (v.i.)
2	bee
2	bed
2	beau-père
2	bear on one's back
2	be strong
2	be sick
2	be possessed
2	be hungry
2	be enough
2	be breathless
2	be about (doing s.th.)
2	bave
2	barbe et moustache
2	bandeau frontal
2	bamboo joint
2	bag
2	bad
2	back/backside
2	back-basket
2	axe
2	avoir la diarrhée
2	aussi
2	aujourd'hui
2	atteindre
2	attacher
2	attach
2	at
2	assembly
2	ascend/sunrise
2	ascend
2	arrive here
2	arrive (here)
2	arrange
2	argument
2	argent
2	approve/confirm
2	approve, to confirm
2	approve
2	appeler
2	amuse
2	amie rituelle
2	amende
2	always
2	also
2	aller
2	alike
2	aisselle
2	aim at
2	adorn/decorate
2	across
2	acheter
2	abstain
2	abreuvoir
2	aboyer
2	above
2	Wednesday
2	Tuesday
2	Tibétain
2	Thursday
2	Sunday
2	Saturday
2	Monday
2	Friday
2	Fagopyrum tataricum
2	AUX FOR LOAN VERBS
2	?width/?road
2	2 paisa
2	1st
2	130
2	102
2	1 pathi
2	1 paisa
2	1 mois
1	ôter le surplus, ôter un peu
1	ôter du feu
1	ôter (écume du riz)
1	être épais
1	être vrai
1	être vieux (vêtement)
1	être vaincu
1	être trop épicé, piquer (fumée, les yeux)
1	être trop mince ou trop liquide, manquer d'épaisseur, être clairsemé
1	être sucré
1	être solide
1	être rêche au goût
1	être rassasié
1	être propre
1	être possédé
1	être paresseux
1	être mûr, cuit
1	être malade, souffrir
1	être malade
1	être long
1	être instruit, savoir
1	être humide
1	être heureux, content
1	être gros
1	être fade
1	être facile
1	être en retard
1	être en foule, être excessif
1	être dur
1	être d'accord
1	être cuit à point, moëlleux
1	être court
1	être coupant
1	être cher
1	être bien développé (grain)
1	être beau ou bon
1	être beau
1	être acide
1	été
1	étui / gaine
1	étudier
1	étoiles
1	étirer, écarter, écarteler
1	étincelles
1	étendue sans végétation
1	étendue nue
1	étendoir à linge
1	étayer, soutenir, mettre un tuteur
1	étaler
1	étable
1	éplucher le bambou
1	éplucher
1	épine
1	épiler
1	épicé
1	épi de riz
1	éparpiller (par le vent)
1	épais (tissu)
1	épais
1	élever
1	égaliser le sol
1	écume de riz
1	écraser (épices)
1	écraser
1	écorce du maïs
1	éclore, faire des petits, pondre
1	éclair
1	écho
1	écheveau
1	écharde
1	ébullition
1	ébrécher
1	âne
1	âme
1	à, pour
1	à tourner (?)
1	à quatre pattes
1	à l'envers
1	zigzag (of lightning)
1	zenith
1	young plants
1	young man
1	you (sg)
1	you (polite)
1	you (pl)
1	you (inclusive)
1	yoke
1	yoghourt pot
1	yesterday
1	yearn to follow
1	year (of the Tibetan cycle)
1	yak (male)
1	yak (female)
1	yak
1	yack mâle
1	wrong
1	wring
1	wrap/wind up
1	wrap things
1	wrap (around head) (v.)
1	wrap
1	wounded, get
1	wound (n.)
1	worry (v.)
1	worry
1	worms
1	worker
1	work (v.)
1	words, language
1	wool
1	wooden sheath
1	wooded hill-side
1	wonder
1	woman-, female-
1	wither/fane
1	wither, to fane
1	with (comitative)
1	witch
1	wipe, to dust
1	winnowing tray
1	wind (thread)
1	wild pig
1	wife of first
1	wife of 2nd and 3rd
1	width of a cloth
1	whirlpool
1	whip beer
1	whip
1	which (of a number)
1	whet (by hand, with whet stone)
1	whet
1	when
1	wheigh (tr)
1	what?
1	wet season (winter)
1	wet (itr) (tr)
1	well, get/improve
1	welcome
1	weight
1	weeping
1	week
1	weed (v.)
1	weed (n.)
1	weed (break up the ground)
1	weaver
1	wear out (clothes)
1	wear on the head
1	wear by draping (scarf or turban)
1	wear a shawl
1	wear a scarf
1	wear a hat
1	wear (wrapped around the neck or head)
1	wear (ckothes or shoes)
1	we, us
1	we (inclusive)
1	we (incl.)
1	we (incl)
1	we (exclusive)
1	we (excl.)
1	we
1	way of sitting
1	waterjar (small)
1	waterjar (clay)
1	waterfall
1	wasp
1	wash mud floors and walls with a watery mixture of cowdung and mud
1	warn s.o. (tr)
1	warmth
1	warm up an empty cooking pot before pouring the food to be cooked in it (bread or pop-corn)
1	warm up (liquid)
1	warm (oneself by fire)
1	warm (o.s. by a fire)
1	warm (at fire)
1	war
1	want (desire)
1	wander
1	wallow (buffalo in water)
1	wallow
1	walk on someone's foot
1	walk across
1	walk (with long strides)
1	wake up (v.i.)
1	wake up (itr)
1	wait for sthg
1	vrai
1	vote
1	vomit, to throw up
1	vomit (n.)
1	vomissement, renvoi annonçant l'envie de vomir
1	vomir
1	voleuse
1	voleur
1	voisin
1	voice, sound, language
1	viser
1	viscera, entrails
1	vingt pathis
1	villageois
1	vieux
1	vieille
1	vessie (récipient à yaourt lait)
1	very black
1	vertige
1	vertical edge
1	vertical
1	verser (urine)
1	verser (riz)
1	vers le haut
1	vers le bas
1	vers intestinaux
1	ver blanc
1	vent
1	venir à fruits (ou graines)
1	venir (hon.)
1	vein, blood vessel, nerve, ligament
1	veggie
1	vautour
1	var of =wə
1	vanner droit
1	van à clairevoie (tamis)
1	vampire
1	valley, gulley, canyon
1	vaincre
1	vagin
1	vache
1	vaccinate
1	ustensile de bambou
1	uselessly (?)
1	use (tool)
1	use
1	us, we (exclusive)
1	uriner
1	up, above
1	until
1	untie, to loosen
1	untie (rope,knot)
1	untie (laces, knot)
1	unmixed
1	univers
1	unhusked rice
1	unfold, deploy, open
1	unexpectedly, suddenly
1	une sorte d'herbe
1	une plante à infusion
1	une mesure rase
1	une mesure bombée
1	une fois
1	une coudée
1	undo, to unfasten
1	uncooked rice
1	uncooked polished rice
1	unclean, become
1	uncle, FeB
1	un jour
1	un instant
1	un empan
1	un demi pathi
1	un an
1	un (nombre)
1	umbilical cord
1	typhoid
1	two days after tomorrow
1	two (in compounds)
1	twitch
1	twist, braid
1	twist(rope)/braid
1	twist (threads together)
1	twist (single thread)/bend (cane)
1	twist (limb)
1	twist (a rope), to braid
1	twist (a limb)
1	twist
1	twenty-nine
1	tusks
1	turn to face
1	turn over (v.i.)
1	turn over (itr)
1	turn over
1	turn back/return
1	turn back (itr)
1	turn
1	tumpline
1	tuesday
1	tuberculosis
1	très tard
1	très grand pot de cuivre ou de terre à grains ou à eau
1	très fin (farine)
1	trust
1	trouver, obtenir sa part de qqch, suffire
1	trouver
1	trou de l'oreille
1	trou d'oreille
1	trop salé
1	trompette d'os
1	tromper
1	trip (itr)
1	tresser en roulant dans ses mains
1	trente
1	tremper dans (piment)
1	tremper
1	trembler
1	tremblement de terre
1	treat a patient by rice presentation
1	tread on clothes
1	traverser un fleuve
1	traverser
1	travel
1	transporter
1	transplanter
1	transmit fire, to light (itr)
1	trachée
1	toward
1	toux
1	toute sorte de pierre précieuse ou semi-précieuse
1	tout
1	tourner, se promener, voyager
1	tourner, devenir, retourner
1	tour du tambour /3nga:/
1	touiller la boule de farine
1	tordre (membre)
1	top
1	too, also
1	too much
1	too many
1	tomber de sa hauteur
1	tomber de haut
1	tomber (de sa hauteur)
1	tomber
1	tombant, pendant (cheveux, tissu)
1	toit (terrasse)
1	toi
1	together, with
1	together
1	tof̃ailt̃õhatch
1	toe
1	today
1	tirer
1	tired, make
1	tired
1	tire/tired, become
1	tire (become tired)
1	tip
1	tinder
1	times
1	time, occasion
1	tiger (year)
1	tige comestible de légume
1	tiens!, voilà que
1	tie up laces
1	tie up (a string)
1	tidy up a dry field after sowing
1	tickle
1	théière
1	thé salé
1	thumb
1	thrust (knife)
1	throw up (ball)
1	throw to the ground
1	throw to (?at) s.o.
1	throw down
1	throw away, discard
1	throw at
1	throat, clear
1	thresh (rice ,wheat)
1	three-quarters
1	threaten/raise hand
1	threaten
1	thread for sewing or weaving
1	thread (n.)
1	thread (beads)
1	thread	(needle) (v.)
1	those
1	thorn
1	this, it
1	thirty-nine
1	thirteen
1	third
1	think/remember
1	think/feel/want
1	thick, stiff
1	thick (density)
1	they
1	there is dew
1	theft
1	the whole
1	the sting (of a bee)
1	the right
1	the palm of the hand (fingers excluded)
1	the middle
1	tether (an animal)
1	testicules
1	terre à badigeon claire
1	terrasse
1	tempête
1	tempt
1	temple (body part)
1	tempe
1	tell (story)
1	tease, to tickle
1	tease
1	tears
1	tear off small bits and sprinkle
1	teacher
1	teach, to advise
1	teach (skills)
1	teach (book, knowledge)
1	taste (eat a sample)
1	tasser
1	tasse en bois
1	tasse
1	taquinerie
1	tapis thakali
1	tapis de selle
1	tapis de poil de chèvre
1	taper du pied
1	tangled, become
1	tamiser
1	tame (bullocks)
1	tambour (lama)
1	talon
1	talk (in sleep or delirium)
1	take/grasp with hands
1	take to graze
1	take off some
1	take off (the stove)
1	take down
1	take care (child)
1	take care
1	take away <nb>MM</nb> 
1	take away
1	tailleur
1	taille
1	taches de rousseur
1	tablier de reins
1	table basse
1	séparer, déchirer
1	séparation de champ
1	séchoir au-dessus du feu
1	sécher
1	sword
1	swell under heat
1	swell (grain)
1	sweepings
1	swamp
1	swallow (v.)
1	suspendre (tableau, peinture)
1	suspendeur en bois fourchu
1	suspect s.o.
1	surtout de lama
1	sur
1	supporter, endurer
1	supporter
1	support
1	sun, broad day
1	sun
1	suivre partout, pleurnicher pour accompagner (petits enfants)
1	suinter
1	suffice
1	sucré
1	suck (milk, fingers)
1	succeed (in an attempt)
1	subterranean god
1	stutter
1	stuff down, compress
1	study
1	stub one's toe
1	strip tree branches
1	string, to hang (a rope)
1	string bean
1	strike, to thresh, to pound (grain)
1	strike smn.
1	strike (smn.)
1	strike (projectile)
1	strike (lightning)
1	strike (hour)
1	strike (distant)
1	stretch out
1	stretch one's legs
1	stretch one self in order to reach sthg
1	stretch (v.i.) (v.t.)
1	stream, river
1	stream
1	strain (milk, liquids)
1	story
1	storm
1	store/put in the right place
1	store, to put in the right place
1	stop, to hold up
1	stop someone
1	stop (river)
1	stop
1	stoop (bend down)
1	stoke, to stir up fire
1	stir the cooking batter of maize or millet
1	stir meal
1	stir ?
1	stir
1	stink
1	stingy
1	stinger, point
1	sting (insect)
1	stick (v.i.)
1	stick (tr)
1	stick (itr)
1	step on a support
1	steam (v.t.)
1	steam (itr)
1	start
1	stammerer
1	stale
1	stain with fingers
1	squirrel
1	squeeze, wring (clothes)
1	squeeze water out
1	squeak (as a hinge)
1	squat
1	sputum/phlegm
1	sprout, cause to/grow (v.t.)/sow
1	sprinkle pure water on s.o. for purification
1	sprinkle (water of purification)
1	sprinkle (an offering)
1	sprinkle
1	spring upon, to assault, to snap a
1	spread out with the hands
1	spread out (v.t.)
1	spread out (e.g. mats)
1	spread out
1	spread (v.i.) (news)
1	spread (v.i.)
1	spread (of disease), to be contagious
1	spread (news) (tr)
1	spread (manure) (tr)
1	spread (itr)
1	spread (grains to dry)(v.t.)
1	spread
1	sprain (ankle)
1	spoilt, rotten
1	spoilt (burnt)
1	spoil, make hole in
1	spoil (fruit)(v.i.)
1	spoil (fruit) (itr)
1	spoil
1	spleen
1	spirit(s)
1	spirit
1	spin (thread)
1	spider
1	sperme
1	spend a lot
1	spend
1	spear
1	speak (a language)
1	spead out (e.g. mats)
1	spatule
1	sow (seeds)
1	sow (one at a time)
1	sow (a lot at a time)
1	sow
1	sous
1	souris
1	source (l'eau jaillit)
1	sour, become (with ferment)
1	soulever, mettre en haut
1	souffler pour exorciser
1	souche, racine
1	souche
1	sortir qqch.(?), dévêtir (?)
1	sortir qqch.
1	sorte de baie mangée par les oiseaux
1	sort/separate kinds
1	sort, to pick
1	sort (separate kinds)
1	sorrow
1	sorcière
1	son in law
1	son (de grain)
1	son
1	sommet, pointe
1	some (solids)
1	some (fluids)
1	sombrer
1	solide
1	sole of foot
1	sol
1	soie de lame (axe dans le manche)
1	soften
1	soeur de l'épouse
1	soeur cadette du père
1	soeur cadette du mari
1	soeur aînée du mari
1	sober
1	soap from tree (daːr) bark
1	soak (itr)
1	snow (v.)
1	snow (n.)
1	snout, trunk
1	snoring
1	snatch
1	snap, break (rope)
1	snap with fingers
1	snap fingers
1	snake skin
1	snack
1	smother
1	smooth off stick with knife
1	smoke (n.)
1	smoke
1	smile (in friendliness, mockery)
1	smell sthg.
1	smell (sthg.)
1	smell (sense odor)
1	smell (flower)(v.i.)
1	small water jar
1	small leaf
1	small earthen water jug
1	slow
1	slip (v.)
1	sling
1	slender
1	sleep, to lie down
1	sleep, to lie
1	slander smn./tell tales about smn.
1	slander falsely
1	skull
1	skin, hide
1	skin (v.)
1	skin (n.)
1	skim (to take off cream)
1	sixty
1	six, chiffre 6
1	sit, to stay, to live, to remain
1	sit cross legged
1	sit (stay, live) (honourific)
1	sit (stay, live)
1	sit (stay)
1	sit (mh)
1	sit (hon.)
1	sit (hh)
1	sink, cause to
1	singer
1	singe (fowl)
1	singe
1	sin (n.)
1	sin
1	silex
1	silent
1	side-dish
1	sibling
1	shut out/evict
1	shut (v.)
1	shrub
1	shout, to scream, to howl
1	shout
1	short
1	shoot up quickly
1	shiver, shake, be in a transe
1	shit (small children)
1	shine (sun)(v.i.)
1	shine (e.g. metals)
1	shine
1	shield, to screen
1	shell (of animal)
1	shell
1	shed, shelter
1	sheath (n.)
1	shave, to shear, to cut hair
1	sharpen (point)
1	sharpen (a point)
1	sharpen
1	sharp (pointed)
1	sharp (edged)
1	sharp
1	share
1	shaman
1	shake head (animal)
1	shake (vigorously)
1	shake (v.t.)
1	shake (slowly)
1	shade, ? shadow
1	sexual intercourse, have (animals)
1	sexual intercourse, have
1	settle a marriage
1	set to dry (grains)
1	set to cook
1	set sthg to cook
1	set of baskets
1	set (sun)(v.i.)
1	set (pot on tripod)
1	set (e.g. sour milk)
1	servir (à manger)
1	serve/offer ((food))
1	serve/offer
1	serve, to offer
1	serve out rice
1	serrer
1	serrement des lèvres
1	serpent
1	septum of nose
1	sept jours
1	sept
1	separate (itr)
1	sentir une odeur
1	sens dessus dessous, á l'envers
1	send (sthg.)
1	send (smn.)
1	semen
1	seller
1	selle
1	selfishness
1	sel
1	seed bed
1	secousse
1	secouer un tissu pour le faire sécher
1	secouer les mottes pour faire tomber la terre
1	secouer (un arbre, un piquet)
1	seconde femme
1	second
1	sec
1	season with spices fried in butter
1	season
1	se réunir
1	se retourner
1	se reposer
1	se rassembler en foule, y avoir foule
1	se rappeler
1	se promener
1	se produire
1	se perdre
1	se moucher
1	se lever
1	se dévêtir
1	se démancher
1	se derober
1	se coincer
1	se cogner le pied en marchant
1	se chamailler
1	scratch (itch)
1	scratch (as a thorn)
1	scratch (an itch)
1	scrape with knife
1	scrape off
1	scrape clean
1	scour (pots)
1	scour
1	scoop with finger
1	scoop up manure
1	scoop out, to dip into (itr)
1	scoop out (?)
1	scold, curse
1	schlouff, crack, fort
1	scatter /sprinkle
1	say (hon.)
1	say (hh)
1	saw (v.)
1	saw (n.)
1	savoureux
1	savoir faire
1	savoir
1	save, to keep unused
1	save (keep unused)
1	sauter hors du mortier (d'un grain de riz qu'on polit)
1	sauter en bas ou par-dessus
1	sauter (animal, étincelles ...)
1	sauter
1	saupoudrer
1	saucisse de viande et sang
1	saucisse de viande
1	saucisse de farine
1	sari, skirt
1	sari
1	sap
1	sang et glaires
1	sandales
1	sand
1	saluer
1	salla rukh
1	salary
1	sain
1	saigner
1	saddle
1	sad, be
1	sad
1	sacrifice (v.)
1	sacred book
1	sac à coulant
1	sac en poil de chèvre
1	sabot
1	sable
1	s'éventer (alcool)
1	s'étirer
1	s'incliner
1	s'envoler
1	s'enfuir, courrir
1	s'enfuir
1	s'enfoncer une écharde de bambou
1	s'enfoncer dans la boue
1	s'asseoir (honor.)
1	s'arrêter
1	rôtir
1	rêverie
1	rêvasser, ne pas se rappeler, ne pas finir un travail, s'arrêter sans raison au milieu, garder les yeux fixes
1	réveiller qq'un
1	réveiller
1	réparer, soigner
1	répandre
1	récolter le miel
1	récolter (blé)
1	réclamer
1	réciter (shamane)
1	run, to flee, to jump
1	run after to catch
1	ruminate, to chew cud
1	rumble (sky)
1	rub in
1	rub (vigorously)
1	rub (slowly)
1	row
1	rouse (sleeping person)
1	roupie
1	round (disc like)
1	rouler (tr), faire rouler
1	rouler (itr), débouler, tomber en roulant le long d'une pente
1	rouge
1	roter
1	root (pig)
1	root (n.)
1	rooster
1	ronfler
1	rond
1	roll up thread
1	rock, shake
1	rob
1	roast, burn
1	riz décortiqué
1	riz cuit
1	riz cru décortiqué
1	riz
1	rise (sun)(v.i.)
1	rire
1	ripen artificially in hot bed, to dry-ferment
1	ripen (artificially)/dry-ferment
1	ripen ( hot bed)
1	ripe
1	ring (n.)
1	ring
1	rincer
1	rince
1	right hand
1	right arm
1	ridge-pole
1	rides
1	ride
1	rice-field
1	rice, uncooked
1	rice, cooked
1	rice (in the field, or collected but unpolished, unhusked)
1	rhume
1	revêtir
1	return on the same day from a journey
1	return (goods)
1	return (come back)
1	return
1	retreat
1	retourner qqch.(le pain qui cuit)
1	retourner ; faire des galipettes
1	retch
1	restless, be
1	rester debout
1	rester
1	reste de la pâte après filtrage (de la bière)
1	ressortir de terre, repousser de soi-même, sortir à peine de terre (semis)
1	respiration
1	respect, believe
1	require time
1	request
1	reported speech particule
1	repeat to s.o. else
1	repay (a loan)
1	renifler
1	rencontrer?
1	remède
1	remuer (le riz)
1	remplir bombé
1	remplir
1	remove the excess
1	reliquaire
1	rejoice
1	regarder
1	refuser (de donner qqch)
1	refroidir
1	reed
1	recouvrir
1	reclining posture
1	recite (poem, legend)
1	read, to chant
1	read, chant
1	reach for (by hand)
1	reach for
1	reach (there)
1	reach
1	ray of sunshine
1	rassembler
1	raser une bête tuée
1	raser les cheveux
1	raser (barbe seulement)
1	rapprocher du centre du feu une bûche qui brûle dehors
1	rapiécer, boucher un trou
1	rangée de points, sillon
1	ranger
1	range (mountain) (n.)
1	range
1	rancir (bière, beurre)
1	ramasser au sol
1	rajouter (riz)
1	raise, to put down
1	rainshield
1	rain (n.)
1	raie des cheveux
1	rafter
1	radis
1	raddish
1	raccourcir les cheveux, rafraîchir la coupe
1	raboter
1	quoi?
1	quoi ?, comment ?
1	qui?
1	qui dort tout le temps
1	qui a un bec de lièvre (homme)
1	qui a un bec de lièvre (femme)
1	qui a un bec de lièvre
1	qui a toujours faim
1	qui ?
1	quel ?, lequel ?
1	quarrel with words
1	quarrel
1	quarante
1	quant à
1	pêche (petite)
1	pêche (grosse)
1	pétrir, masser, fouler
1	péter
1	pénis
1	pâte à pain
1	pâte à chang
1	put, to pour, to serve
1	put wood in the fire
1	put on (the stove)
1	put on (stove)
1	put down, to lay down (a load)
1	put down
1	put away (in box)
1	put
1	push (swing)
1	pupille
1	punish/threaten to strike
1	punish (children)
1	punaise
1	pumpkin
1	pull up (clothes)
1	pull out (nails, pegs)
1	pull out (e.g. kʰukuri)
1	pull out (e.g. khukuri)
1	pull (along ground)
1	puce
1	pubic hair
1	prêt (??)
1	présents qu'apporte un invité
1	près, proximité
1	près
1	prune (v.)
1	provenance
1	proud
1	propre, bajayé
1	prop
1	print, to carve (a figure)
1	print (paper)
1	print
1	pride
1	prickle (from nettle sting)
1	prickle
1	prick (as a thorn)
1	prevent
1	press on the ground
1	press feet
1	press down (with foot)
1	prepare, to make
1	prepare (not material things)
1	prendre
1	première femme
1	premier mois
1	pregnant (animals)
1	predict/foretell
1	prayer flag
1	pray
1	praise (v.)
1	prairie
1	poêle à charbon
1	pouvoir
1	poutrelle
1	poussière
1	poussin
1	pousses de bambou
1	pousser, germer
1	pousser du pied
1	pousser dru, haut et égal (en parlant des céréales)
1	pousser
1	poursuivre
1	pourrir
1	pourquoi?
1	pour/empty (v.t.)
1	pound rice
1	pound grain
1	pound (grain)
1	poulet
1	poule
1	potiron
1	potato
1	pot à tsampa
1	pot à offrir l'eau
1	pot à farine d'orge grillée
1	pot à cuire le riz
1	pot à cuire le légume
1	pot du milieu
1	pot du dessus
1	pot du dessous
1	pot de 4 manas
1	pot de 2 manas
1	pot de 1 mana
1	post (n.)
1	posséder (par un démon ²¹mo)
1	posséder (démon)
1	porter un châle
1	porter (enfant)
1	pop
1	poor man
1	poor
1	pont
1	pomme de terre
1	pomme d'Adam
1	polish (rice)
1	polish
1	poke
1	poivre de Chine
1	poitrinière
1	poitrine
1	pois
1	pointe
1	point (to s.th.)
1	point
1	poil du pubis (hom.)
1	poil du pubis (fem.)
1	poil du corps
1	poil
1	poignet
1	pluriel
1	plural suffix
1	plunder
1	plume/poil
1	pluie
1	plugged
1	plug a leak
1	plug (leak)
1	plug (a leak)
1	pluck
1	plow (v.)
1	plow (after putting manure)
1	plough (n.)
1	plier, empiler
1	plier
1	pleuvoir, neiger ...
1	pleuvoir
1	plein bombé
1	pleased/happy
1	please s.o. continually
1	play music
1	play instrument
1	play an instrument
1	play a musical instrument
1	play (instrument)
1	plaster with mud
1	plaster (with mud)
1	plaster (v.i.) (with mud)
1	plaque à graver ds la pâte de farine
1	planter (un champ), repiquer
1	plante du pied
1	plant/transplant ((rice, millet))
1	plant (n.)
1	plant (maize)
1	plancher
1	plait
1	plaisanterie
1	plaire
1	plague
1	place name
1	pity s.o.
1	pity (smn)
1	piquer du bec
1	pinch
1	pincer
1	pince à feu
1	pin hair up
1	piment écrasé
1	piment
1	pilon
1	pile up in layers (disorderly)
1	pile up (a heap)
1	pile up
1	pile (layers)/stack/discipline (child)
1	pig, pork
1	pig sty
1	pig
1	pierres blanches marquant le milieu du champ
1	pierre très dure qui sert à enfoncer le manche de la meule de maison (et seulement à ça)
1	pierce/punch hole
1	pierce, to hollow
1	pied, support
1	pied
1	pick up (v.t.)
1	pick up (tr)
1	pick up (heaps)
1	pick (up from ground)
1	pick (from bush, tree)
1	pheasant
1	petite fille
1	petite feuille
1	petite bassine à eau
1	petite assiette
1	petite
1	petit serpent aveugle
1	petit sac en poil de chèvre
1	petit pot dedans
1	petit lait séché
1	petit garçon
1	petit déjeuner
1	petit d'animal
1	pet
1	persuade
1	personne née la même année que soi
1	perplexed, be
1	perhaps
1	perfume
1	perdre
1	perch
1	percer les oreilles
1	people
1	pente, falaise
1	pente
1	pen, jail
1	pen up (goats, hens)
1	pen up (cows, oxen)
1	pelotonner, tordre deux fils ensemble
1	pelote de laine
1	pelote
1	peinture tibétaine
1	peinture
1	peindre, colorier
1	peindre
1	peigner
1	peigne
1	peel, bark (n.)
1	peel (wood)
1	peel (w/ knife)
1	peel (to strip skin with hands)
1	peel (strip skin by hand)
1	peel (separate meat from bones)
1	peck (as a bird), bite (of a snake)
1	peak, point <nb>MM</nb> 
1	pea
1	pauvre
1	paume, plante
1	paume
1	patriarche
1	patch (v.)
1	passé au soleil
1	passe-thé
1	pass (time)
1	partout
1	partir (h.h.), se déplacer
1	partager
1	part, portion
1	parole
1	paon
1	pantalon de femme
1	panier à piments au-dessus du feu
1	panier filtre
1	painting
1	paint
1	painful
1	pain, illness
1	pain fait avec pâte liquide
1	pain en couronne
1	paille de blé
1	paillasse de pierre et boue dans la cour
1	p f
1	où ?
1	owner
1	owl
1	overthere
1	overtake
1	over
1	ouvre la porte!
1	ouvert
1	os long, articulation
1	ortie
1	order sthg.
1	order s.o. to come
1	order (smn to come)
1	order
1	opposite (of valley)
1	opening
1	one-quarter
1	one, 1
1	on top of
1	omit, to err (forget)
1	omit, to err
1	ombre portée
1	old
1	oil
1	offrir, donner (h.h. de la personne qui reçoit), faire une offrande
1	offrir aux dieux
1	offrir (dieu)
1	offrande, nourriture bénie
1	offering
1	offer to gods
1	of (genitive)
1	oesophage
1	oblique
1	obey
1	obedient
1	o! (in answer to a call)
1	népali
1	nurse (v.)
1	nuque
1	numeral suffix
1	numb (with cold)
1	nuit
1	nowadays
1	nous incl.
1	nous excl.
1	nous 2 seulement
1	nous (excl.)
1	nourriture des poules
1	nourriture
1	noun suffix
1	nouille de riz
1	nott̃õhatch (egg)
1	not-be-killed
1	nose-ridge
1	nose ridge
1	nose flaps
1	none, nothing
1	none (refers to things)
1	nominalisateur des vb d'emprunts
1	nomd̃ec̃lan
1	nom du fleuve Kali Gandaki
1	noir
1	nod (with head, side to side)
1	no one
1	ninety-nine
1	ninety-eight
1	nineteen
1	night, day
1	neveu croisé
1	neuf, nouveau
1	nettle
1	net
1	nerve
1	neigh (the horse)
1	neigh (horse)
1	neigh
1	neiger
1	necklace
1	near
1	ne pas être d'accord
1	ne pas être bien
1	ne ... pas!
1	natte de lanières de bambou utilisée pour le séchage des grains
1	natte de fil
1	natte
1	nasal mucus
1	narines
1	nanny, female goat
1	name of a clan
1	nain
1	nager
1	nag/criticize
1	nag, to criticize
1	mêler
1	métier à tisser
1	mélanger, ne pas distinguer
1	mélanger à la main, remuer pour égaliser le sel etc
1	mélanger deux choses d'espèces différentes
1	mélange de tsampa et beurre (brûlé comme encens)
1	méditer
1	méditation, étude
1	mâle
1	mâcher
1	mutton
1	mustard
1	mustache
1	musician
1	mushroom
1	murmur (v.)
1	murmur
1	mur en construction
1	mur de pierre
1	mud
1	moëlle
1	move to other place
1	move sthg
1	move
1	moutarde
1	moustache
1	mousse
1	mourir (hon.)
1	moulin à prières
1	mouiller, tremper
1	moudre
1	mother
1	moth
1	mot
1	mortar for pounding rice
1	more
1	mordre dans de la viande
1	moon
1	monter, grimper
1	monter à cheval
1	monter métier
1	monter le métier
1	montagne
1	mole (on skin)
1	moine
1	moelle
1	modèle, moule
1	moan
1	mixed
1	mix (v.i.)
1	mix (itr)
1	mix (flour, by hand)
1	mix
1	mist, heat-haze
1	mind, soul, heart
1	mince
1	mimic (action)
1	mille
1	milk (v.t.) (cow)
1	milk (cow)(v.t.)
1	milk (a cow)
1	migraine
1	mettre à cuire
1	mettre un châle
1	mettre dans
1	mesurer volume
1	merit
1	mentir
1	mener à la corde
1	menace (with stick)
1	melt (v.i.)
1	melt (itr)
1	meeting
1	meet/met, be
1	meet, to go meet
1	meet (to catch up with)
1	medecine
1	meat, flesh
1	measure (volumes, grains, liquids)
1	measure (length)
1	measure (e.g. grains)
1	measles
1	maçon
1	mauvaise odeur
1	mauvaise herbe
1	maudire
1	matelas
1	mate, husband
1	match (itr)
1	mat
1	masturbate
1	master
1	mask
1	marry
1	marron
1	mari de soeur cadette du père
1	mari de soeur aînée du père
1	mari de la soeur de l'épouse
1	mari de la soeur cadette
1	mari de la soeur aînée de la mère
1	mari de la soeur aînée
1	mare (l'eau stagne)
1	marche, escalier (de bois)
1	marche du seuil
1	marchand
1	manquer le but ; se tromper (de chemin)
1	manière d'être perdu, juste au mauvais moment
1	mangouste
1	mango
1	manger (hon.)
1	manche de vêtement
1	man (male)
1	malaxer pour laver
1	malaxer la pâte à pain
1	malaxer
1	maladie
1	make up (to adorn)
1	make responsible for, give to safekeeping, entrust to
1	make noise
1	make a rope
1	majeur, médius
1	majeur
1	main
1	maigre
1	légumes
1	légume ou viande (sans jus)
1	léger
1	lécher
1	lèvres
1	lèvre inférieure
1	lune
1	lunar eclipse
1	lumps of soil
1	lumière du jour
1	lumière
1	lower garment (women's)
1	lower back
1	low pitch
1	love, to love
1	lourd
1	louche à thé
1	louche à eau
1	louche (en bois)
1	lose, be defeated
1	lose s.th.
1	lose (to be defeated)
1	loose, get
1	loose
1	look for
1	look (hon)
1	log
1	lock chicken up
1	lock (n.)
1	lock
1	lobe of ear
1	lobe d'oreille
1	load (n.)
1	load (n)
1	live coals
1	lisse (de métier)
1	lire
1	liquor
1	like, as <nb>MM</nb> 
1	like (v.)
1	lightning
1	light fire
1	light (tr)
1	light (torches, v.t.)
1	light (series of fires, children for amusement)
1	light (lamp)(v.t.)
1	light (itr)
1	light (in weight)
1	light (fire) (v.t.)
1	light (adj.)
1	ligaments, vein
1	lieu de pélerinage
1	lieu de crémation
1	lie down (go to bed, hon.)
1	lie down (go to bed)
1	lie down
1	level ground
1	let go, give (tired muscle)
1	let go
1	let fall slowly off the winnowing basket
1	let (s.o. do s.th.)
1	leprosy
1	lentilles
1	length of a sari (horizontally)
1	lend, to borrow
1	lend, borrow
1	lend (things)
1	lend (money)
1	left-handed person
1	left hand
1	left arm
1	leech (land)
1	ledge of cliff
1	leave, ? be leftover
1	leave behind, to desert, to abandon
1	learn by heart
1	lean on, to press on a lever to lift sthg
1	lean on
1	lean meat
1	lean (against sthg)
1	lean (against s.th.)
1	lead (on rope)
1	lead (on a rope)
1	lead
1	lay, to give birth (animals)
1	lay head down, rest head on
1	lay down /put to sleep
1	laver la vaisselle
1	laugh loudly
1	late
1	last (v.)
1	larme
1	large leech
1	large basket
1	lanières de bambou
1	lanière de bambou
1	langue (langage)
1	langue
1	landslide, flood
1	lancer le long de qqch, lancer avec un appui (e.g. la navette)
1	lancer des pierres
1	lampe à beurre
1	laiton
1	laddle
1	lacet de chaussure tibétaines
1	lac permanent
1	lac asséchable
1	lac
1	labourer
1	la moitié seulement
1	l'année dernière
1	l'an prochain
1	l'an dern ier
1	knowledge
1	know, know how
1	know s.b.
1	know (s.th.)
1	knot
1	knock (on door)
1	knock (door)
1	knife (pocket)
1	knead with force
1	kindness
1	kindle, to transmit fire (tr)
1	kill the sacrificial animal
1	kill (sacrificial animal)
1	jus de fruit
1	juniper incense
1	jungle clearing used for shearing
1	judge (v.)
1	judge
1	jouer d'un instrument
1	joke
1	joindre ensemble
1	jeuner
1	jeune homme
1	jeune fille
1	jeter, renoncer
1	jerk (because of sudden frightening)
1	je, moi
1	jarre à eau en cuivre
1	jarre à eau en argile
1	jarre
1	jambe
1	jaillir, faire une résurgence
1	jaillir (source)
1	it|self
1	itch in the throat
1	invite
1	intérieur de maïs fixé à baguette pr remuer grains qu'on grille
1	intérieur
1	into
1	interpret
1	insult
1	instrument à rassembler la terre en tas
1	instrument à doubler le fil
1	instrument
1	insolent
1	insert/put in
1	insert, to instill, to bring in
1	inonder
1	injury
1	infrequent
1	infection
1	in/inside of
1	in one stroke
1	in
1	impôt
1	imprimer
1	immediately
1	imagine/dream
1	imagine
1	image of a dead person
1	image du corps
1	il y a deux ans
1	il n'y a pas
1	if
1	idol
1	identique
1	ici
1	ice
1	husk, to mill (rice)
1	husband's younger brother
1	husband (respectful term)
1	husband (less respectful)
1	hurt/ache/pain (v.)
1	hurt (feelings)
1	hurt (ache, pain)
1	humidity
1	humide
1	hum (insect)
1	hum (a tune)
1	huile
1	howl
1	how/in what way
1	how much
1	hotte
1	hot, spicy
1	hors de vue (? sans qu'on vous voit, de telle sorte qu'on ne vous voit plus)
1	horizontal
1	horizon
1	hon for come
1	homme
1	hollow out, to engrave
1	hold, ? to get hold of
1	hold out (to receive sthg.)
1	hold in mouth
1	hog house
1	hiver
1	hive (??DAT)
1	hive
1	hit with horn
1	hit clothes with paddle
1	histoire, proverbe
1	hiss
1	hip
1	hinder (tr)
1	high altitude forested area
1	hier
1	hide sthg
1	hide (v.i.)
1	hide (oneself)
1	hide (itr) (animate)
1	hide (inanimate)
1	hiccup (v.)
1	heurter, déplacer par maladresse, bousculer
1	heurter
1	herdsman
1	heel
1	heddle(s)
1	heat up roti on the fire
1	heat up (roti on fire)
1	heat up
1	heat (v.t.)
1	heat (itr)
1	health
1	he, this
1	he, she
1	haze
1	hay
1	hawk
1	have sexual intercourse
1	have leisure
1	have eaten enough
1	have cramps
1	have cold feet
1	have an erection
1	have an astringent taste
1	have a vision
1	have a tantrum
1	have a miscarriage
1	hate (n.)
1	haricot de soja
1	happen, to be acceptable
1	hang/string (rope)
1	hang up
1	hang rope
1	hang on hook
1	hang (on hook)
1	hang (on a hook) (itr)
1	hang
1	hands
1	hammer
1	half way
1	haleter
1	hairs, fur <nb>MM</nb> 
1	hairs
1	hair (pubic)
1	hail (v.)
1	hail (n.)
1	hail
1	hacher (viande)
1	hacher
1	hache
1	habile
1	gésier
1	guérir
1	gums, palate
1	gums
1	guimbarde
1	guest
1	guard (fields, baggage)
1	grêler
1	grêle
1	grub
1	grow up (child)
1	group, meeting, heap
1	ground, floor
1	ground frog
1	ground (level)
1	grotte
1	grosseur au cou des poulet
1	grosse grenouille comestible
1	gros, épais
1	gros dammaru
1	gros citron
1	grogner
1	grit (teeth)
1	grinder
1	grind/press through
1	grind, to press through
1	grind teeth
1	grind coarsely
1	grind /press through (press oil)
1	grind (with morsel)
1	grind (with mill)
1	grind (spices)
1	grind (small amount)
1	grind (press through)
1	grind (large amount)
1	grind (grains)
1	grincer des dents
1	grimper à la corde, se balancer sur une balançoire
1	grimper comme à la perche ou au mât (sans l'aide de branches)
1	gril
1	griffer, déchirer
1	griffer
1	griffe
1	griddle
1	green
1	graze/ eat grass
1	graze, cause to/herd
1	grasshopper
1	gras
1	grande marmite en cuivre pr cuire le thé
1	grande marmite
1	grande jarre haute en terre
1	grande jarre en terre
1	grande feuille
1	grande bassine à eau
1	grand-son, nephew
1	grand-mother
1	grand sac en poil de chèvre
1	grand mother
1	grand baril à eau
1	granary
1	graisseux
1	graisse
1	grains grillés
1	grains
1	good taste
1	gong
1	gonfler ? (ganglions njeli)
1	gobble
1	goat meat
1	go, to push off
1	go or come down
1	go astray
1	go around/go around, cause to (things)
1	go around
1	go (mh)
1	go (hon.)
1	go (hh)_
1	go (h)
1	go (direction)
1	go (bound form)
1	gloss880
1	gloss866
1	gloss838
1	gloss782
1	gloss774
1	gloss754
1	gloss717
1	gloss716
1	gloss715
1	gloss714
1	gloss701
1	gloss682
1	gloss674
1	gloss664
1	gloss628
1	gloss587
1	gloss572
1	gloss568
1	gloss562
1	gloss523
1	gloss501
1	gloss474
1	gloss469
1	gloss467
1	gloss455
1	gloss453
1	gloss452
1	gloss444
1	gloss442
1	gloss433
1	gloss430
1	gloss426
1	gloss424
1	gloss423
1	gloss421
1	gloss394
1	gloss382
1	gloss371
1	gloss367
1	gloss362
1	gloss337
1	gloss314
1	gloss313
1	gloss31
1	gloss300
1	gloss298
1	gloss296
1	gloss273
1	gloss271
1	gloss268
1	gloss253
1	gloss252
1	gloss239
1	gloss235
1	gloss231
1	gloss227
1	gloss221
1	gloss211
1	gloss207
1	gloss184
1	gloss168
1	gloss138
1	gloss1121
1	gloss1097
1	gloss1073
1	gloss1001
1	gloss1
1	gloss
1	glissement de terrain
1	give, to bestow
1	give up/abstain from/forsake
1	give the final judgement
1	give in marriage
1	give birth (animals)
1	give back, reimburse, pay back
1	give (hon.)
1	ghost, moth
1	ghee
1	get worse
1	get without purchase
1	get well (recover)
1	get up (v.i.)
1	get up (itr)
1	get up	(v.i.)
1	get unsewn
1	get stuck in the throat (of a piece of food), to choke s.o.
1	get stuck
1	get lost
1	get loose
1	get caught on
1	gerbe, botte, fagot
1	genévrier
1	genitive
1	gel
1	gde bassine à cuire en cuivre rouge
1	gather manure
1	gather into sheaves
1	gallon (measure of volume roughly worth 2 1/2 liters)
1	gale
1	gagner (jeu)
1	gagner
1	fère cadet du père
1	future (verb suffix)
1	funny
1	fumée
1	full moon
1	fuir (pot)
1	fuck
1	frère de la mère
1	frère de l'épouse
1	frère cadet du mari
1	frère cadet (pour un homme)
1	frère aîné premier né
1	frying pan
1	fry, to deep-fry
1	fry in oil
1	fry (most often dry-fry)
1	fruitless/stunted, become (esp. corn)
1	fruit
1	frire (prob. faire frire)
1	frightened, be (suddenly)
1	friend (bond) (male)
1	friend (bond) (female)
1	fresh (wind)
1	fresh (water)
1	frapper, polir (le riz)
1	frapper
1	fraction, share
1	foyer à quatre côtés
1	foyer à deux trous
1	foyer ouvert (pour la distillation)
1	foyer central
1	fouet à chang
1	foudre
1	forêt dense
1	forty
1	forget what you are doing
1	force
1	forbid
1	footprint, track
1	foot, leg
1	fontanelle (ouverte)
1	fontanelle
1	fontanel
1	fondre, se dissoudre
1	fondle, to stroke
1	follow
1	fold (a limb), to roll (a mat)
1	fold
1	fodder
1	fléau
1	fly (n.)
1	flute (long)
1	fluff wool or coton
1	flow (water)
1	flour, powder
1	flour (wheat)
1	flotter
1	flood (small damage)
1	flexible
1	fleurir
1	fleur
1	flesh, meat
1	flea
1	flatter/coax (promise gifts)
1	flatten dough (with hands)
1	flatten dough
1	flat, stuck flat
1	flat mallet for breaking ground
1	flat
1	flash (lightning)
1	flash (as lightening)
1	fix/put in ((e.g. window frames))
1	fix, to put in (e..g. window frames)
1	five (in compound '100 = 5x20')
1	fish poison
1	fish
1	first born uncle
1	first
1	fire-tongs
1	fire tongs
1	finished, be (v.i.)
1	finished, be
1	finish (tr)
1	finish (doing s.th.) (tr)
1	finish (doing s.th.) (itr)
1	finir, ne plus exister, disparaître
1	finir, achever
1	finir une provision, épuiser
1	fine s.o.
1	fine chaff
1	find, get
1	find (s.th. sought for)
1	fin
1	filtrer
1	fils de la tante maternelle
1	fils de l'oncle maternel
1	fille de la tante maternelle
1	fille de l'oncle maternel
1	fill/get filled
1	filer (du fil)
1	filer
1	file a case
1	fight (of animals)
1	field (wet)
1	ficher, planter des piquets
1	fever
1	feuille de thé
1	feuille d'arbre
1	fetid
1	fesses
1	fermer les yeux, sommeiller
1	fermer et froncer les yeux
1	fermer
1	ferment (itr)
1	ferme la porte!
1	fendre du bois
1	fendre (bois)
1	fence, to bar
1	femme du frère de la mère
1	femme du frère de l'épouse
1	femme du frère cadet du père
1	femme du frère
1	femme de l'oncle maternel
1	femme
1	feminine suffix
1	femelle
1	female genitals
1	fell (tree, animal)
1	fell (tree)
1	fell (a tree) (tr)
1	feelings, heart (figuratively), soul
1	feel sleepy
1	feel shy
1	feel hot
1	feel cold
1	feel (sense internally)
1	feel (by touch)
1	feed (solid food to child)
1	faux corps
1	faucille
1	father-in-law, husband's or wife's father
1	father in law
1	fasten, to lock
1	fast, rapid
1	fast, quick
1	fast
1	fart
1	farm laborer
1	farine de riz
1	farine de blé grillé
1	farine de blé
1	farine d'orge grillé au sable
1	farine d'orge
1	fantôme
1	fang
1	fall over, cause to
1	fall over (tree), to topple over
1	fall off, cause to
1	fall down (inanimate)
1	fall down (animate)
1	fall (tree)
1	fall (itr)
1	faire écho
1	faire tomber de l'arbre
1	faire sécher
1	faire paître
1	faire les badauds, se rassembler pour regarder une chose sans importance
1	faire la cour ?
1	faire jour
1	faire gonfler au feu (pain)
1	faire frire le pain
1	faire frire
1	faire deux tresses
1	faire des étincelles
1	faire des éclairs
1	faire des fruits
1	faire cuire à l'eau, faire bouillir
1	faire bruit du fusil
1	faint, to faint
1	fail to recognize, tease by giving wrong thing
1	fail (in an attempt)
1	facile
1	face (of god)
1	fabriquer (un tormo)
1	fabriquer
1	eyelid
1	eye disease
1	extraordinary
1	extraire, faire sortir en glissant, e.g. arracher les grandes plumes (diff. de /2sjot-pa/ arracher les petites plumes), détricoter, tirer du milieu d'une charge
1	extract nettle thread
1	extinguish a fire
1	exprimer le jus
1	exprimer huile
1	exprimer : presser (fruit), tordre le linge (pour essorer)
1	exploser (feu)
1	explain
1	exorciser (en jetant une statue de farine)
1	exorciser
1	exorcise with rice
1	exorcise with offering plate
1	exorcise by blowing
1	excuse (to do sthg), pretext
1	excréments
1	exclamation pour faire avancer les chèvres
1	exclamation de dégoût
1	exchange
1	exaggerate
1	evil-eye from s.o. who sees you eat
1	every
1	evening
1	even, also (?); thing (?)
1	essorer les légumes ; faire couler tout d'un récipient
1	essorer le linge
1	escort (an honoured person)
1	escort (an honored person)
1	esclave
1	ergative case, agentive
1	envy (n.)
1	envy
1	envoyer, laisser aller
1	envoyer
1	envious
1	envelopper, mettre dans un paquet, attacher en un paquet
1	entretenir des hôtesth 115, recevoir (des invités)
1	entertaining
1	enterrer (?)
1	enterrer
1	enter/go in
1	enter (go in)
1	entablement
1	ensouple
1	ensemble, tous
1	enrouler autour de la tête
1	enrouler (une natte)
1	enrouler
1	enfiler, introduire
1	enfiler le kukhuri dans la ceinture
1	enfiler
1	enfer
1	enfant
1	encourage, to urge, to tempt
1	encourage
1	encounter
1	enchasser, boucher
1	encens de dhubi
1	encens (de dhubi)
1	encens
1	en composition: os
1	en aval
1	en amont, vers l'intérieur de la maison
1	empty, become
1	emprunter qqch à rendre (outil, bijou ...) et non à remplacer ou rembourser
1	emprunter (objet)
1	emprunter
1	emmêler, être emmêlé
1	emmener en troupeau
1	embroidery
1	embaucher
1	elect
1	elastic
1	eighty
1	eighth
1	egg white
1	egg (louse)
1	echo (v.)
1	eau amère dans bouche
1	eating
1	eat (mh)
1	eat (hon.)
1	earwax
1	earthquake
1	earth clod
1	earring (upper ear)
1	earring (lobe)
1	earn
1	early, be
1	earlier on the same day
1	ear of grain
1	ear (of grain)
1	détacher
1	désirer, aimer qqch.
1	désenfler
1	déployer, étendre pour s'asseoir dessus
1	déplacer
1	dépenser
1	dépendre le linge
1	démêler
1	défricher
1	déesse de la richesse
1	dédrusir, éclaircir une culture
1	déchirer un vêtement
1	décapiter
1	débouler
1	débordement (e.g. l'eau du riz)
1	débiter en lamelles (légumes)
1	dysentery
1	during
1	durer, rester bon
1	durable
1	duck
1	drying rack
1	dry up (sores)
1	dry season (summer)
1	dry grain over the fire
1	dry field
1	dry (v.i.)
1	dry (tr)
1	dry (itr)
1	drum (round)
1	drum
1	drown (itr)
1	drop (itr)
1	drive (itr) (cattle)
1	drive (cattle)
1	drip
1	drinking-cup
1	drink (hh)
1	drill (a hole)
1	dress up (for special occasions)
1	dress up
1	dress (v.)
1	draw back, cause to (persons)
1	draw back (by pushing)
1	draw back (by pulling)
1	dragonfly
1	douleur
1	dot
1	dormir (honor.)
1	dormir (hon)
1	dormir (hh)
1	donner (hon. receveur)
1	donner (hon. donneur)
1	donner
1	donkey
1	don't
1	dog
1	doctor
1	do, to hit
1	divinité mâle subalterne
1	distribute/serve out
1	distribute, to serve out
1	distribute ((food))
1	distribuer à tous, partager
1	distiller
1	dissoudre
1	dissolve
1	display (sthg.)
1	disobedient
1	dishes
1	disgust (feel)/ annoyed/ exasperated
1	discuss
1	discontent
1	discipline (v.)
1	discipline
1	discard (fluids and other things) (tr)
1	discard
1	disappear
1	dire son chapelet
1	dip into (v.t.), serve out
1	dip
1	dilute (v.)
1	dig, to pick off
1	différer
1	different
1	dieu sur le toit (à cornes ou à fleurs)
1	dieu aquatique
1	die (hh)
1	did not
1	diarrhée
1	dhoti
1	dharma
1	deuxième mois
1	deux unités de temps après le présent
1	deux jours
1	dessous
1	desserrer
1	despise
1	despair
1	design (n.)
1	descendre
1	depuis
1	demolish (tr)
1	demain
1	deliver, to take s.o or sthg someplace, to accompany
1	delay (v.i.)
1	delay (itr)
1	dehors
1	defiled
1	decrease (v.i.)
1	decrease (itr)
1	deaf
1	de quelle sorte ?
1	de bonne qualité
1	day before yesterday
1	day after tomorrow
1	day (when counting days)
1	dark
1	danser, tourner sur soi-même
1	danse
1	dans deux jours
1	dans deux ans
1	dans
1	dance(r)
1	dal/pulse
1	daim
1	dague de fer (relig.)
1	d.in law, s. in law
1	d'un coup
1	côte (os)
1	cymbales
1	cut, kill
1	cut up in pieces
1	cut through (wood), sever
1	cut the bark off a tree
1	cut grass
1	curved
1	curse (v.)
1	curse
1	cumberbund
1	cuivre
1	cuire à l'eau
1	cuire (une soupe)
1	cueillir (du fourrage)
1	cueillir
1	crête de coq
1	crête (de coq)
1	cry, to weep
1	crush, grind
1	crum
1	cruelty
1	crow (n.)
1	crow (cock)
1	croustiller, craquer (bruit)
1	crotte de poulet
1	cross (river)
1	crooked
1	croiser
1	croisement
1	crier (comme un tigre), rauquer
1	crier
1	creuser
1	cremation place
1	cremation
1	crawl (babies)
1	craving
1	cradle
1	coûteux
1	coxcomb
1	cox ear lobes
1	cowdung
1	cowardly
1	coward
1	cover/lid
1	cover, lid
1	cover with dust
1	cover up with earth
1	cover oneself with filth (baby)
1	cover (n.)/lid
1	couvrir d'un parapluie
1	couvrir (avec couverture)
1	couverture
1	couvercle, bouchon
1	couvercle de tasse (argent)
1	couver
1	couteau de métier à tisser
1	couteau (du métier)
1	couteau
1	coussin
1	cousin croisé (MoBrS)
1	courroie pour porter le tambour
1	cour de maison
1	coupant
1	count, to measure
1	couleur
1	couler (sueur), bouillir (eau), suinter (mur ...)
1	couler (morve)
1	couler (larmes)
1	coudée
1	coudre
1	coucher du soleil
1	coucher (un enfant)
1	cotton-cloth/fiber
1	coton
1	corner, angle (of rice field)
1	corner (from the inside)
1	corn flour
1	corail pur
1	corail de mauvaise qualité
1	coquille d'oeuf
1	coquille
1	coquillage
1	cool (v., food)
1	cooking place
1	cooked vegetable
1	cooked rice (hh)
1	cook for the dead
1	cook a liquid
1	cook (v.i.)
1	cook (tr)
1	cook (rice, cereal)(v.t.)
1	cook (meat, vegetables)(v.t.)
1	cook (itr)
1	convince, to celebrate
1	contemplate, pay attention
1	contagieux
1	conspire (for evil)
1	consommer (manger, boire)
1	conque
1	compter
1	compte des ans
1	composer (un chant)
1	compose
1	compléter
1	complètement (seulement pour oublier?)
1	complete, to add
1	compagnon
1	comment?
1	commencer
1	comme
1	coming back
1	come loose (bundle)
1	come down
1	come back
1	come (hon.)
1	come (from up or north)
1	come (AUX variant)
1	combien grand!
1	combattre
1	comb wool (with a bow)
1	comb nettle thread by hand
1	comb fiber, wool
1	comb (v.) (fiber, wool )
1	comb (n.) (hair)
1	comb (n.) (fowl)
1	comb (hair)
1	comb (cock)
1	colour suffix
1	colour (to dye)
1	color
1	collier de lama
1	collier de corail et turquoise
1	collier (général)
1	collier
1	coller (itr), s'accrocher aux vêtements (e.g. teignes) tacher
1	collect leaves from a living plant
1	collapse (v.i.)
1	collapse (itr)
1	collapse
1	collant
1	cold (weather)
1	cold (water)
1	cold (of weather)
1	cold (of liquid)
1	cold (n.)
1	cold
1	col (de montagne)
1	coin externe de la table
1	coin
1	cogner
1	coffre à grains
1	cockroach
1	coax, to entice
1	coarse chaff
1	coagulate, get formed, be reborn
1	coagulate
1	clore une retraite
1	cloison de planche
1	clod of earth
1	clod
1	clochette
1	cligner de l'oeil
1	clever (hands)
1	clever (hand)
1	clear throat
1	clear jungle
1	clear away
1	clear a field (for first cultivation)
1	clear (water)
1	clear (field) (v.)
1	clear (field) (for first cultivation)
1	clean (rice)/winnow
1	clean (grain and vegetables)
1	clean (field)
1	clean (entrails)
1	clay water jar
1	clarified butter, ghee
1	clap hands
1	civière
1	citron
1	ciseau à bois
1	cire d'oreille, cérumen
1	cils
1	chop (meat)
1	choose, to compare
1	choose (v.)
1	choose
1	choke with liquids
1	choke (while drinking)
1	choisir
1	chisel
1	chili
1	child
1	chiffon
1	chien
1	chicken-coop
1	chicken house
1	chicken
1	chevron de toit
1	cheville, poignet
1	cheville
1	chest (body part)
1	chercher dans un tas
1	chercher ; regarder, examiner
1	chemise
1	chaîne d'un tissu
1	chaux
1	chaussures tibétaines
1	chaussures
1	chaussettes
1	chaud, brûlant
1	chaud (vêtement)
1	chatter/babble/prattle
1	chatter, to babble, to prattle
1	chat sauvage
1	chasser
1	charrue
1	charge
1	charcoal
1	charbon de bois
1	chapeau
1	changer ses dents, faire ses dents d'adulte
1	changer de vêtements
1	changer (vêtement)
1	change (clothes)
1	change (alter)
1	chang (honor.)
1	chang
1	champignon
1	chaleur
1	chair de noix
1	chaff (coarse)
1	cette année
1	cerveau
1	ceremony
1	cemetery
1	celà
1	ceinture de laine
1	ceci, (démonstratif proche)
1	ce, cela, ceci
1	cause to weigh
1	cause to laugh, to joke
1	cause to feel at ease
1	cause to fall, to shake down
1	cause to fall off
1	cause to draw ?/? to erase
1	cause to catch
1	cause s.o. to do s.th.
1	cause (smn. to do sthg.)
1	caterpillar
1	catch (in a trap)
1	cat
1	castrate goats
1	castrate bulls
1	caste (n.)
1	caste
1	cassure
1	casserole à queue
1	casserole à 'ɖʰero'
1	casser (sauf du verre)
1	casser (maïs)
1	casser (les mottes)
1	casser
1	cascade
1	carve (a figure)
1	carrying nets
1	carrying headstrap
1	carrying head-strap
1	carry (loads)
1	carry (children)
1	careless
1	carder
1	canne
1	canellier ou camphrier
1	cane/rattan
1	cane, rattan
1	can/be able to do sthg
1	can (to be able to) do s.th.
1	can
1	calfeutrer, couvrir pour protéger ou décorer, recouvrir
1	calf of leg
1	calf (body part)
1	cadenas
1	cacher
1	bûche
1	bâton de lisses
1	bypass, cause to
1	by, from
1	buzzard
1	buyer
1	butterfly
1	butter
1	butt, gore
1	busy
1	buse, petit faucon, milan
1	bury (body)
1	bury (a body)
1	burst, to explode
1	burst
1	burning place
1	burn/scorch
1	burn the name of the deceased during the /1ne:par/ ceremony
1	burn (wood, as fuel) (v.t.)
1	burn (v.i.)/scorch
1	burn (itr), to scorch
1	burn (itr)
1	bungle (spoil by hurry)
1	bundle of rattan carried as a load
1	build the roof
1	build roof (put on covering)
1	build (tr)
1	buffle
1	buffet à vaisselle
1	buffet à puja
1	buckwheat
1	bubble (boiling rice)
1	bubble
1	brûler, être urticant (ortie)
1	brown
1	brouillard
1	brosser cheveux
1	brochette
1	brittle
1	bring up
1	bring out
1	bring down
1	bring (from up or north)
1	brewd
1	brew (v.)
1	brew (liquor)
1	brew
1	breeze, wind
1	breeze
1	breast, udder, milk
1	break/shatter (glass)
1	break off corn
1	break off (tr. e.g. maize)
1	break off (corn)
1	break from pulling
1	break earth clods
1	break down, to demolish
1	break down, collapse
1	break clods
1	break (wood)
1	break (v.i.) (e.g. sticks)
1	break (v.i.) (e.g. rope)
1	break (v.i.) (e.g. pots)
1	break (sticks)(v.i.)
1	break (rope ) (v.i.)
1	break (bread)
1	break (as sticks)
1	break (as pots) (itr)
1	break (as a rope) (itr)
1	brave
1	bras
1	branche
1	branch
1	boîteux
1	box/chest
1	bovin
1	bouvier
1	bourse
1	bourgeonner, repousser du haut d'un arbre
1	bound-friend
1	bouillir longtemps
1	bouger
1	boudin
1	bouclier
1	boucher
1	bouc
1	bot 235
1	borrow, lend
1	borrow, give back
1	borrow (things)
1	borrow (money)
1	borrow (durable things)
1	borrow
1	bore (hole)
1	bordure de sari
1	bond friend
1	bon, salé
1	bon coeur
1	bol à légumes
1	bol en porcelaine (sans queue)
1	boiled grain: ideally rice, but more frequently maize or millet; meal
1	boil over (water)
1	boil away
1	boil
1	boeuf
1	bodyhair
1	boast, to be proud, vain
1	boast
1	blé
1	blouse
1	bloom (flowers)
1	blink/hold eyes closed
1	blink (one eye)
1	blink
1	blind
1	bless
1	bleed, rain...
1	bleach
1	blanket
1	blanchir
1	blacksmith
1	bière (honor.)
1	bière (h.h.)
1	bière (boisson fermentée)
1	bite (v.) (e.g. snake)
1	birth, give
1	bird trap
1	binner (piocher autour des plantes)
1	binette
1	billot
1	biens privés préservés par une femme mariée
1	biens
1	between
1	betel
1	bercer, faire osciller
1	benefactive
1	beneath
1	bending forward
1	bend/bent, be
1	bend towards the ground (branches, old person)
1	bend
1	belt, waist-band
1	belly, stomach
1	bellows
1	bellow (of bull)
1	being
1	behaviour
1	beggar
1	beg, to ask for
1	beg, ask for
1	beg (ask insistingly)
1	before
1	beermash
1	bedstead
1	bed bug
1	become, to be
1	become yellow
1	become warned (itr)
1	become thin
1	become tangled (thread) (itr)
1	become tangled
1	become stunted and fruitless
1	become sour (with ferment)
1	become soft, ripe
1	become mellow (of fruit)
1	become dry
1	because, since
1	beaucoup
1	beau
1	beat foods
1	beat (someone)
1	beat (foods)
1	beat (drum)
1	bear, carry
1	bean
1	be warm (weather)
1	be torn
1	be toilet-trained
1	be thirsty
1	be thick
1	be terminally ill
1	be strong (of an alcoholic beverage)
1	be spared, to live
1	be soft
1	be soak|ed
1	be shy
1	be short
1	be satiated
1	be rounded off, well turned (walking-sticks)
1	be rotten (wood, clothes)
1	be restless
1	be powdered
1	be pleased, to be happy
1	be perplexed
1	be near
1	be mildewed
1	be liquid, thin
1	be light in weight
1	be late (time)
1	be late (action)
1	be insane
1	be hot
1	be high
1	be heavy
1	be full
1	be friendly with
1	be fresh, clear
1	be finished (itr)
1	be early
1	be disgusted
1	be deep
1	be clear, ...
1	be chewy like stale pop corn
1	be born
1	be bitter
1	be allowed to
1	be afraid
1	be addicted to
1	be about to ?
1	be about (doing sthg)
1	bavardage, plaisanteries
1	bathe
1	bat
1	basket
1	bas du dos (reins)
1	bas
1	barter
1	barrer une rivière
1	barrer un fleuve
1	barrer le chemin
1	barley
1	bark, peel
1	barbe du maïs
1	barbe
1	baratter le thé
1	baratte à thé
1	banyan tree
1	bank (river)
1	bank
1	bandeau frontal pour porter
1	bandeau de portage
1	bamboo tube
1	bamboo tie strips for building
1	ball
1	balayures
1	balayer, essuyer
1	balai
1	bailler
1	badigeonner à la chaux
1	badigeonner (avec terre)
1	back of the body
1	back (upper)
1	back (lower)
1	avoir une érection
1	avoir une cloque
1	avoir trop chaud
1	avoir sommeil
1	avoir soif
1	avoir ses règles
1	avoir peur
1	avoir le loisir, le temps ou l'occasion de faire qqch
1	avoir honte, être timide
1	avoir froid aux pieds ou aux mains
1	avoir faim
1	avoir des rapports sexuels (h.)
1	avoir chaud
1	avoid meeting (enemy)
1	avoid (somebody)
1	avoid (a person)
1	avenge
1	avant-hier
1	avaler
1	avalanche
1	av. règles
1	auxiliaire
1	autrefois
1	autre
1	autel domestique
1	autant que, égal à, à peu près
1	attraper, tenir
1	attractive
1	attentive
1	attendre
1	atteindre ses six ans, se débrouiller seul
1	astringent
1	assiette de feuilles
1	assiette d'offrandes
1	assiette
1	assemblée
1	assemble, to collect
1	assemble tr (people) (for communal work)
1	assassiner
1	asperger légèrement
1	asperger (en offrande)
1	ask (a question)
1	ashamed
1	ash
1	articulation
1	arrière grand-père
1	arriver
1	arracher (poteau)
1	arracher (clous, tenons)
1	arracher
1	armpit
1	arcade sourcilière
1	après-demain
1	après
1	approcher de là-bas
1	apprendre
1	apporter de haut en bas/de dedans dehors
1	apporter de haut en bas
1	apporter de dehors dedans
1	apporter
1	appointer
1	apply
1	appear (person)
1	appear
1	aplatir (pain)
1	antelope
1	ant
1	annulaire
1	animal
1	angular
1	angry, get
1	and, with
1	ami rituel
1	ami
1	amer
1	also, even
1	allumer une torche
1	allumer une lampe (et non le feu)
1	allumer (le feu, une allumette)
1	aller trop loin, dépasser le but
1	aller (honor.)
1	alike, like
1	alight (e.g. bird, aircraft)
1	alight
1	alcool
1	ainsi
1	aimer, désirer
1	aile
1	aiguière à plume
1	aiguière
1	aiguiser
1	aiguille de porc-épic
1	agreement
1	aged (male)
1	agacer les dents, avoir une sensation froide sur les dents
1	afternoon
1	afraid/frightened
1	afloat (e.g. wood in water)
1	affûter, être affûté
1	affûter
1	adverbe d'oubli
1	adverb of forgetting
1	adult female
1	adopt
1	adjective formative
1	acte de plier
1	acide
1	achever
1	accuse
1	accoucher ; déposer
1	accoucher
1	accepter
1	accept (to take food)
1	abscess
1	abeille (?)
1	abeille
1	abcess
1	abandonner
1	abandon
1	a unit
1	a trap
1	a thin blanket
1	a piece of tripe
1	a loan
1	a little <nb>MM</nb> 
1	a little
1	a layer of clothes
1	a large snake
1	a drying rack over the fire
1	a dream
1	a cultivated oil-seed resembling sesame, Niger seed
1	a	fraction, to divide
1	O.K.
1	Newar
1	Ghale ga:ũ
1	Ficus religiosa
1	?wood, firewood
1	?to start doing
1	?to split hair
1	?grue, héron (oiseau)
1	?a place-name
1	??eighteen
1	??
1	? retors
1	? only
1	? much
1	? montrer
1	? jour
1	? get out, be born
1	? fumée
1	? dormir
1	? crush (spinach)
1	9ème mois
1	8ème mois
1	7ème mois
1	7 roupies et demie
1	7
1	6ème mois
1	6 mois, une demi-année
1	5ème mois
1	4ème mois
1	3ème mois
1	2nd born
1	2nd and 3rd born uncle
1	2nd
1	200
1	2 roupies et demie
1	2 roupies
1	2 pathis
1	2 manas
1	2
1	1st born
1	190
1	12ème mois
1	11ème mois
1	10ème mois
1	100
1	1 suki
1	1 seul est (= être le même, être d'accord)
1	1 roupie et demie
1	1 pathi ras
1	1 mohor
1	1 mana
1	(verbal affix)
1	(sores) burn, irritate
1	(question marker: yes-no question or alternative), or?
1	(optative)
1	(négation de l'impératif), ne ... pas
1	(negation of finite verbs), not
1	(insistance polie de l'impératif), donc
1	(impératif des verbes à racine en voyelle longue)
1	(imperative of verb roots ending in a short vowel)
1	(imperative of consonantic verb-roots)
1	(il y a) un an et demi
1	(il y a) un an
1	(half) way
1	(focus)
1	(faire) revenir
1	(expression de la manière)
1	(démonstratif)
1	(animals) get entangled
1	(an excl to prod goats forward)
1	(adverbializerMM)
1	(adverbializer)
1	(MEASURE : nep mana)
1	(?) moudre
1	'écrémer'
1	'eat' (hurt) the belly
1	    <gl>ôter les yeux à la surface du bambou (geste semblable à l'ébranchage)ébrancher
1	    <gl>être trop étroit (vêtement), gêner aux entournures ?1974 on fich perf
1	    <gl>être trop saléth 52, 100, 109
1	    <gl>être compétent et consciencieuxVoc vb, être habile, être courageux au travailAni in Voc 74
1	    <gl>wring (neck), twist offSprigg in fich perf
1	    <gl>wear in hairSprigg in fich perf
1	    <gl>vêtementsth 23, 180
1	    <gl>vieth 55, 94, 104, durée de la vieth 125
1	    <gl>vegetablesMunda N 593
1	    <gl>tourbillonner, s'enrouler, se loverth 94, se lover comme un serpentvoc vb, voc 74
1	    <gl>tomber faiblement (pluie)Voc vb, bruinerVoc 74
1	    <gl>to steamto cook
1	    <gl>to snag clothesto tear
1	    <gl>to pull up by roots (vegets)Sprigg
1	    <gl>to hold back tearsto cry
1	    <gl>to fanSprigg
1	    <gl>to clear throatSprigg
1	    <gl>to be exterminated, to die offSprigg
1	    <gl>time adverb suffixMM
1	    <gl>tigreth 40
1	    <gl>sur le ventre, à plat ventre, prostré (position), penché en avant le tête sur les brasA86
1	    <gl>suivre ou donner un enseignement religieuxA86 on fich perf
1	    <gl>suffire, avoir un nombre suffisant de partspartager
1	    <gl>snap, break (tr.)Sprigg in fich perf
1	    <gl>smooth and round (stick)Sprigg in fich perf
1	    <gl>shred (radishes)Sprigg in fich perf
1	    <gl>shit 'self (children)Sprigg in fich perf
1	    <gl>separate good from bad (rice, in winnowing)Sprigg
1	    <gl>secouer (tapis)voc vb, fich perf, th 101
1	    <gl>scatter (rice, beer) in offering to godSprigg
1	    <gl>sawSprigg in fich perf
1	    <gl>s'harmoniser avecMM fev 88
1	    <gl>s'habillerth 24
1	    <gl>s'emmêler (fil)voc vb
1	    <gl>s'abriterth 95, 168
1	    <gl>réduire en poudre en écrasantVoc vb, écraserth 149 in fich perf, voc 74
1	    <gl>râcler pour ramasservoc vb, ramasser avec le doigtth 125, en raclant (fumier ...)voc 74, th 96 on fich perf
1	    <gl>roith 41, 59
1	    <gl>reprendre en choeur, répéter les paroles d'un chant après le leaderchanter
1	    <gl>recouvrir de terre le modèle de cireMV 398
1	    <gl>rassembler avec la faucille avant de couper, ramener vers soi avec faucille ou bâtonA86
1	    <gl>pull at (meat, with teeth)Sprigg
1	    <gl>prettyMM
1	    <gl>pouvoir (physiquement)th 140
1	    <gl>plug a leakMunda V 450 in fich perf
1	    <gl>planterA86 sous /4plu/ dans Dictam 86
1	    <gl>planche à imprimer, mouleA86
1	    <gl>place, lieuth 97, 168
1	    <gl>piocher (dans un terrain non cultivé)voc vb
1	    <gl>peel (potatoes), bark (wood)Sprigg in fich perf
1	    <gl>palais, ?maisonth 33
1	    <gl>old womanMunda N 120
1	    <gl>ne pas être en paixMM jan 88
1	    <gl>nagerth 171
1	    <gl>moutonth 40, 68
1	    <gl>montée, penteth 126
1	    <gl>légumesAni, BL 761
1	    <gl>lower jaw, chinmm
1	    <gl>lock up (someone), imprison (fowls) (in basket)Sprigg in fich perf
1	    <gl>livre sacréfich perf, livre religieuxVoc 74
1	    <gl>litvoc N, lit fixeMunda N 549
1	    <gl>lire à voix hautevoc vb, th 169 in fich perf, lire à l'écoleA 86 in voc 74
1	    <gl>likemm
1	    <gl>lie in wait for, ambushSprigg
1	    <gl>le hautth 68
1	    <gl>latrinesth 32
1	    <gl>laper, boire bruyammentd'après Sprigg
1	    <gl>knead (mud, for floors)Sprigg in fich perf
1	    <gl>inject, pokeSprigg
1	    <gl>hoghouseMunda N 529
1	    <gl>hochementpencher
1	    <gl>habillerVoc vb, s'habillerVoc 74
1	    <gl>grimperth 167
1	    <gl>gifflerVoc vb, fich perf, battreVoc 74
1	    <gl>get wrinkledSprigg in fich perf
1	    <gl>get wrinkledSprigg
1	    <gl>get tangled up in (goats tied to stake)Sprigg
1	    <gl>get old (trees, beer, fruit), too oldSprigg in fich perf
1	    <gl>gather for feeding (flies, mosquitoes)Sprigg, conf A86
1	    <gl>filtre : panier à filtrer la bière (chang)th 160
1	    <gl>fil à coudreth 180
1	    <gl>fendre (du bois)th 61, 98, 160, casser une noixVoc 74
1	    <gl>fait de reconnaître ou de connaître qqnth 56, connaissanceth 15O
1	    <gl>faire paîtreth 51, 99, 109
1	    <gl>faire de petites dépenses pour une cérémonievoc vb, ? fich 70 on fp
1	    <gl>faire cuireVoc vb, cuirefich perf, Voc 74
1	    <gl>entwine (creepers)Sprigg
1	    <gl>entrust (goods)Sprigg
1	    <gl>entierVoc 74, (? mâle) entierfich perf
1	    <gl>enroulerVoc 74, (autour du corps, des mains)Voc vb, fich perf
1	    <gl>emprunterA86 in voc 74
1	    <gl>eauth 40, 115
1	    <gl>dériver, être emporté par le courant, être soulevé par l'eauA86
1	    <gl>dixth 34
1	    <gl>distribuer la nourriture à tous dans un festin sans oublier personneAni 78, after Sprigg
1	    <gl>discardfich perf
1	    <gl>dip intoSprigg
1	    <gl>diligentlymm,91
1	    <gl>decorate (monastery, self) (monks only)Sprigg in fich perf
1	    <gl>de cette datefich 70
1	    <gl>couper en bottes à la faucille (herbe, riz)th 181, 125
1	    <gl>compterth 59
1	    <gl>comprimerMM fev 88
1	    <gl>chiffon utilisé comme isolant thermiquevoc 74, fich perf, anti brûle-doigts voc N
1	    <gl>cheminth 169
1	    <gl>catch (one's clothes)Sprigg in fich perf
1	    <gl>caroncule du cou du coqth 55
1	    <gl>bump into accidentallySprigg in fich perf
1	    <gl>brûler, piquer (sensation dûe à blessure)Voc vb; faire malA86 on fich perf
1	    <gl>break down (wall)Sprigg in fich perf
1	    <gl>brasser (la bière)Voc vb, préparer la boisson en mélant la pâte fermentée à l'eauth 40, 119 on fich perf
1	    <gl>bow down to (lama)Sprigg in fich perf
1	    <gl>bouton de couvercleth 55
1	    <gl>bléth 40, 68, 121
1	    <gl>bind (as with a rope)Munda V 49 in fich perf
1	    <gl>beau (d'un enfant ou d'un jeune animal), frais, jeune, droit, pas tordu, pas maladeVoc 74, conf A86
1	    <gl>be pleasant (places)Sprigg in fich perf
1	    <gl>be insufficientSprigg in fich perf
1	    <gl>be diverted (from work)Sprigg in fich perf
1	    <gl>be constipatedSprigg in fich perf
1	    <gl>be authorized toSprigg on fich perf
1	    <gl>be addled (= putrid as an egg)Sprigg in fich perf
1	    <gl>bagueth 64
1	    <gl>avoir la diarrhée, la dysenterieth 94, 160
1	    <gl>avoir froidth 125, 181
1	    <gl>avalancheth 43
1	    <gl>autel domestiqueA86
1	    <gl>atterrir, poser les pieds avec soin en marchantmarcher
1	    <gl>atteindrevoc vb, pouvoir atteindre (en tendant le bras) voc 74, (avec la main)fich perf
1	    <gl>attacherth 162
1	    <gl>asperger, saupoudrer, répandre (le fumier), ? jeter par terrevoc vb
1	    <gl>arrange, put in a proper place (pots)Sprigg in fich perf
1	    <gl>ajouter bout à bout pour rallonger, rabouterAni 78 on fp
1	    <gl>Gurung (nom de peuple)th 97
1	    <gl>? the topmm
1	    <gl>? p. 1O3 texteVoc 74
1	    <gl>? bigmm
1	    <gl>? a dropmm
